darkreader__darkreader-7241	ts	darkreader/darkreader	NA	991883df4d5910851130e3dc0e21fcbce604ea7d	1	src/generators/utils/parse.ts
darkreader__darkreader-6747	ts	darkreader/darkreader	NA	a787eb511f45159c8869d30e5a6ba1f91cb67709	2	src/generators/dynamic-theme.ts;src/generators/utils/parse.ts
mui__material-ui-39962	ts	mui/material-ui	NA	553cf822f6500075d374f3e89ad04b8308cd9f47	2	packages/mui-system/src/borders.js;packages/mui-system/src/styleFunctionSx/defaultSxConfig.js
mui__material-ui-39775	ts	mui/material-ui	NA	6b9cee5d523304e0a8f3c8fd93a380d27be1df76	1	packages/mui-material/src/Rating/Rating.js
mui__material-ui-39688	ts	mui/material-ui	NA	f69997e32614d07f26782dddd0fb6f96c67c3c4d	63	docs/data/joy/components/stepper/BasicStepper.js;docs/data/joy/components/stepper/BasicStepper.tsx;docs/data/joy/components/stepper/BasicStepper.tsx.preview;docs/data/joy/components/stepper/ButtonStepper.js;docs/data/joy/components/stepper/ButtonStepper.tsx;docs/data/joy/components/stepper/CompanyRegistrationStepper.js;docs/data/joy/components/stepper/CompanyRegistrationStepper.tsx;docs/data/joy/components/stepper/ConnectorStepper.js;docs/data/joy/components/stepper/ConnectorStepper.tsx;docs/data/joy/components/stepper/DottedConnector.js;docs/data/joy/components/stepper/DottedConnector.tsx;docs/data/joy/components/stepper/IconStepper.js;docs/data/joy/components/stepper/IconStepper.tsx;docs/data/joy/components/stepper/IndicatorStepper.js;docs/data/joy/components/stepper/IndicatorStepper.tsx;docs/data/joy/components/stepper/IndicatorStepper.tsx.preview;docs/data/joy/components/stepper/IndicatorTopStepper.js;docs/data/joy/components/stepper/IndicatorTopStepper.tsx;docs/data/joy/components/stepper/SizesStepper.js;docs/data/joy/components/stepper/SizesStepper.tsx;docs/data/joy/components/stepper/StepperUsage.js;docs/data/joy/components/stepper/StepperVariables.js;docs/data/joy/components/stepper/VerticalExtraContentStepper.js;docs/data/joy/components/stepper/VerticalExtraContentStepper.tsx;docs/data/joy/components/stepper/VerticalStepper.js;docs/data/joy/components/stepper/VerticalStepper.tsx;docs/data/joy/components/stepper/stepper.md;docs/data/joy/pages.ts;docs/data/joy/pagesApi.js;docs/pages/joy-ui/api/step-button.js;docs/pages/joy-ui/api/step-button.json;docs/pages/joy-ui/api/step-indicator.js;docs/pages/joy-ui/api/step-indicator.json;docs/pages/joy-ui/api/step.js;docs/pages/joy-ui/api/step.json;docs/pages/joy-ui/api/stepper.js;docs/pages/joy-ui/api/stepper.json;docs/pages/joy-ui/react-stepper.js;docs/src/modules/components/JoyVariablesDemo.tsx;docs/translations/api-docs-joy/step-button/step-button.json;docs/translations/api-docs-joy/step-indicator/step-indicator.json;docs/translations/api-docs-joy/step/step.json;docs/translations/api-docs-joy/stepper/stepper.json;docs/translations/translations.json;packages/mui-joy/src/Step/Step.tsx;packages/mui-joy/src/Step/StepProps.ts;packages/mui-joy/src/Step/index.ts;packages/mui-joy/src/Step/stepClasses.ts;packages/mui-joy/src/StepButton/StepButton.tsx;packages/mui-joy/src/StepButton/StepButtonProps.ts;packages/mui-joy/src/StepButton/index.ts;packages/mui-joy/src/StepButton/stepButtonClasses.ts;packages/mui-joy/src/StepIndicator/StepIndicator.tsx;packages/mui-joy/src/StepIndicator/StepIndicatorProps.ts;packages/mui-joy/src/StepIndicator/index.ts;packages/mui-joy/src/StepIndicator/stepIndicatorClasses.ts;packages/mui-joy/src/Stepper/Stepper.tsx;packages/mui-joy/src/Stepper/StepperProps.ts;packages/mui-joy/src/Stepper/index.ts;packages/mui-joy/src/Stepper/stepperClasses.ts;packages/mui-joy/src/index.ts;packages/mui-joy/src/styles/components.d.ts;packages/mui-joy/src/styles/extendTheme.spec.ts
mui__material-ui-39679	ts	mui/material-ui	NA	b6f2e488d639e42d4e2d0518a0fecc4df5167c18	9	docs/data/material/components/button-group/LoadingButtonGroup.js;docs/data/material/components/button-group/LoadingButtonGroup.tsx;docs/data/material/components/button-group/LoadingButtonGroup.tsx.preview;docs/data/material/components/button-group/button-group.md;docs/pages/material-ui/api/loading-button.json;packages/mui-lab/src/LoadingButton/LoadingButton.d.ts;packages/mui-lab/src/LoadingButton/LoadingButton.js;packages/mui-material/src/ButtonGroup/index.d.ts;packages/mui-material/src/ButtonGroup/index.js
mui__material-ui-39536	ts	mui/material-ui	NA	c577e38f0711a6105e8b819c4549963a77e4ef08	6	docs/pages/material-ui/api/toggle-button-group.json;docs/pages/material-ui/api/toggle-button.json;docs/translations/api-docs/toggle-button-group/toggle-button-group.json;docs/translations/api-docs/toggle-button/toggle-button.json;packages/mui-material/src/ToggleButton/toggleButtonClasses.ts;packages/mui-material/src/ToggleButtonGroup/toggleButtonGroupClasses.ts
mui__material-ui-39465	ts	mui/material-ui	NA	c13dfc7dcf892358430a6bd520c7ea04049ce1ca	1	packages/mui-system/src/style.js
mui__material-ui-39457	ts	mui/material-ui	NA	cfdaf61447bededf654bb1fd76332c8dea8784e3	1	packages/mui-system/src/style.js
mui__material-ui-39353	ts	mui/material-ui	NA	f69997e32614d07f26782dddd0fb6f96c67c3c4d	6	docs/pages/material-ui/api/table-pagination.json;docs/translations/api-docs/table-pagination/table-pagination.json;packages/mui-material/src/TablePagination/TablePagination.d.ts;packages/mui-material/src/TablePagination/TablePagination.js;packages/mui-material/src/TablePagination/TablePaginationActions.d.ts;packages/mui-material/src/TablePagination/TablePaginationActions.js
mui__material-ui-39196	ts	mui/material-ui	NA	75404f9ff09965be1bd7c9ed27154fd7536edde1	2	docs/data/system/spacing/spacing.md;packages/mui-system/src/spacing.js
mui__material-ui-39108	ts	mui/material-ui	NA	375358b6f7d00342ad2a282c34950ebfb4b2cdc8	2	packages/mui-joy/src/Select/Select.tsx;packages/mui-joy/src/Select/SelectProps.ts
mui__material-ui-39071	ts	mui/material-ui	NA	ba4c5596cdbbdf07e78cb10ca7231db9968812db	1	packages/mui-system/src/style.js
mui__material-ui-38916	ts	mui/material-ui	NA	58504fa3345fbd2c70c59f7ce2e9d634afe01e38	79	docs/data/joy/getting-started/templates/framesx-web-blocks/theme.tsx;docs/data/joy/main-features/color-inversion/ColorInversionAnyParent.js;docs/data/joy/main-features/color-inversion/ColorInversionAnyParent.tsx;docs/data/joy/main-features/color-inversion/ColorInversionNavigation.js;docs/data/joy/main-features/color-inversion/ColorInversionNavigation.tsx;docs/data/joy/main-features/color-inversion/ColorInversionOverview.js;docs/data/joy/main-features/color-inversion/ColorInversionOverview.tsx;docs/data/joy/main-features/color-inversion/ColorInversionSkip.js;docs/data/joy/main-features/color-inversion/ColorInversionSkip.tsx;docs/data/joy/main-features/color-inversion/ColorInversionSurface.js;docs/data/joy/main-features/color-inversion/ColorInversionSurface.tsx;docs/data/joy/main-features/color-inversion/ColorInversionSurface.tsx.preview;docs/data/joy/main-features/color-inversion/color-inversion.md;packages/mui-joy/src/AccordionGroup/AccordionGroup.tsx;packages/mui-joy/src/Alert/Alert.tsx;packages/mui-joy/src/AspectRatio/AspectRatio.tsx;packages/mui-joy/src/Autocomplete/Autocomplete.tsx;packages/mui-joy/src/AutocompleteListbox/AutocompleteListbox.tsx;packages/mui-joy/src/AutocompleteOption/AutocompleteOption.tsx;packages/mui-joy/src/Avatar/Avatar.tsx;packages/mui-joy/src/Badge/Badge.tsx;packages/mui-joy/src/Button/Button.tsx;packages/mui-joy/src/ButtonGroup/ButtonGroup.tsx;packages/mui-joy/src/Card/Card.tsx;packages/mui-joy/src/CardOverflow/CardOverflow.tsx;packages/mui-joy/src/Checkbox/Checkbox.tsx;packages/mui-joy/src/Chip/Chip.tsx;packages/mui-joy/src/ChipDelete/ChipDelete.tsx;packages/mui-joy/src/CircularProgress/CircularProgress.tsx;packages/mui-joy/src/DialogTitle/DialogTitle.tsx;packages/mui-joy/src/Drawer/Drawer.tsx;packages/mui-joy/src/FormControl/FormControl.tsx;packages/mui-joy/src/IconButton/IconButton.tsx;packages/mui-joy/src/Input/Input.tsx;packages/mui-joy/src/Input/InputProps.ts;packages/mui-joy/src/LinearProgress/LinearProgress.tsx;packages/mui-joy/src/Link/Link.tsx;packages/mui-joy/src/List/List.tsx;packages/mui-joy/src/ListItem/ListItem.tsx;packages/mui-joy/src/ListItemButton/ListItemButton.tsx;packages/mui-joy/src/ListSubheader/ListSubheader.tsx;packages/mui-joy/src/ListSubheader/ListSubheaderProps.ts;packages/mui-joy/src/Menu/Menu.tsx;packages/mui-joy/src/MenuButton/MenuButton.tsx;packages/mui-joy/src/MenuItem/MenuItem.tsx;packages/mui-joy/src/MenuList/MenuList.tsx;packages/mui-joy/src/ModalClose/ModalClose.tsx;packages/mui-joy/src/ModalDialog/ModalDialog.tsx;packages/mui-joy/src/Option/Option.tsx;packages/mui-joy/src/Radio/Radio.tsx;packages/mui-joy/src/Select/Select.tsx;packages/mui-joy/src/Select/SelectProps.ts;packages/mui-joy/src/Sheet/Sheet.tsx;packages/mui-joy/src/Slider/Slider.tsx;packages/mui-joy/src/SvgIcon/SvgIcon.tsx;packages/mui-joy/src/Switch/Switch.tsx;packages/mui-joy/src/Tab/Tab.tsx;packages/mui-joy/src/TabList/TabList.tsx;packages/mui-joy/src/TabPanel/TabPanel.tsx;packages/mui-joy/src/Table/Table.tsx;packages/mui-joy/src/Tabs/Tabs.tsx;packages/mui-joy/src/Textarea/Textarea.tsx;packages/mui-joy/src/Textarea/TextareaProps.ts;packages/mui-joy/src/Tooltip/Tooltip.tsx;packages/mui-joy/src/Typography/Typography.tsx;packages/mui-joy/src/colorInversion/colorInversionUtils.spec.tsx;packages/mui-joy/src/colorInversion/colorInversionUtils.ts;packages/mui-joy/src/colorInversion/index.ts;packages/mui-joy/src/styles/ColorInversion.tsx;packages/mui-joy/src/styles/CssVarsProvider.tsx;packages/mui-joy/src/styles/extendTheme.spec.ts;packages/mui-joy/src/styles/extendTheme.ts;packages/mui-joy/src/styles/index.ts;packages/mui-joy/src/styles/shouldSkipGeneratingVar.ts;packages/mui-joy/src/styles/types/colorSystem.ts;packages/mui-joy/src/styles/types/theme.ts;packages/mui-joy/src/styles/types/variants.ts;packages/mui-joy/src/styles/variantUtils.ts;packages/mui-joy/src/utils/useSlot.ts
mui__material-ui-38801	ts	mui/material-ui	NA	a731e863cb13c83f4d6b9b4c7dd3633fad8f1ed4	38	docs/data/joy/components/snackbar/CustomAnimatedSnackbar.js;docs/data/joy/components/snackbar/CustomAnimatedSnackbar.tsx;docs/data/joy/components/snackbar/PositionedSnackbar.js;docs/data/joy/components/snackbar/PositionedSnackbar.tsx;docs/data/joy/components/snackbar/PositionedSnackbar.tsx.preview;docs/data/joy/components/snackbar/SnackbarCloseReason.js;docs/data/joy/components/snackbar/SnackbarCloseReason.tsx;docs/data/joy/components/snackbar/SnackbarColors.js;docs/data/joy/components/snackbar/SnackbarColors.tsx;docs/data/joy/components/snackbar/SnackbarHideDuration.js;docs/data/joy/components/snackbar/SnackbarHideDuration.tsx;docs/data/joy/components/snackbar/SnackbarInvertedColors.js;docs/data/joy/components/snackbar/SnackbarInvertedColors.tsx;docs/data/joy/components/snackbar/SnackbarSizes.js;docs/data/joy/components/snackbar/SnackbarSizes.tsx;docs/data/joy/components/snackbar/SnackbarUsage.js;docs/data/joy/components/snackbar/SnackbarVariants.js;docs/data/joy/components/snackbar/SnackbarVariants.tsx;docs/data/joy/components/snackbar/SnackbarWithDecorators.js;docs/data/joy/components/snackbar/SnackbarWithDecorators.tsx;docs/data/joy/components/snackbar/snackbar.md;docs/data/joy/pages.ts;docs/data/joy/pagesApi.js;docs/pages/base-ui/api/snackbar.json;docs/pages/joy-ui/api/snackbar.js;docs/pages/joy-ui/api/snackbar.json;docs/src/modules/components/JoyUsageDemo.tsx;docs/translations/api-docs-joy/snackbar/snackbar.json;packages/mui-base/src/Snackbar/Snackbar.tsx;packages/mui-joy/src/Snackbar/Snackbar.tsx;packages/mui-joy/src/Snackbar/SnackbarProps.ts;packages/mui-joy/src/Snackbar/index.ts;packages/mui-joy/src/Snackbar/snackbarClasses.ts;packages/mui-joy/src/index.ts;packages/mui-joy/src/styles/components.d.ts;packages/mui-joy/src/styles/extendTheme.spec.ts;packages/mui-joy/src/styles/extendTheme.ts;packages/mui-joy/src/styles/types/zIndex.ts
mui__material-ui-38788	ts	mui/material-ui	NA	5047813ad0927fc040eca65d484ef4d6a8c8e9ec	1	packages/mui-base/src/useAutocomplete/useAutocomplete.js
mui__material-ui-38544	ts	mui/material-ui	NA	f22e9951931ecf68e8bce1c159d8e0384d92760c	2	packages/mui-material-next/src/Tabs/Tabs.js;packages/mui-material/src/Tabs/Tabs.js
mui__material-ui-38247	ts	mui/material-ui	NA	85c3c776918e43c8034d0fbdb1a35ded54c6b92d	1	docs/src/modules/sandbox/CreateReactApp.ts
mui__material-ui-38188	ts	mui/material-ui	NA	bca4565b43b4166f422aa4ba5d8399bb054bef66	1	packages/mui-base/src/useAutocomplete/useAutocomplete.js
mui__material-ui-38182	ts	mui/material-ui	NA	d428acb95ca37028d9e5be4f87c13e0d1088fa42	4	docs/pages/material-ui/api/checkbox.json;docs/translations/api-docs/checkbox/checkbox.json;packages/mui-material/src/Checkbox/Checkbox.js;packages/mui-material/src/Checkbox/checkboxClasses.ts
mui__material-ui-38169	ts	mui/material-ui	NA	a11ad3d74a95961c9660c0f50bd2dac1d0204c60	39	docs/data/joy/components/drawer/DrawerAnchor.js;docs/data/joy/components/drawer/DrawerAnchor.tsx;docs/data/joy/components/drawer/DrawerBasic.js;docs/data/joy/components/drawer/DrawerBasic.tsx;docs/data/joy/components/drawer/DrawerCloseButton.js;docs/data/joy/components/drawer/DrawerCloseButton.tsx;docs/data/joy/components/drawer/DrawerCloseButton.tsx.preview;docs/data/joy/components/drawer/DrawerFilters.js;docs/data/joy/components/drawer/DrawerFilters.tsx;docs/data/joy/components/drawer/DrawerMobileNavigation.js;docs/data/joy/components/drawer/DrawerMobileNavigation.tsx;docs/data/joy/components/drawer/DrawerScrollable.js;docs/data/joy/components/drawer/DrawerScrollable.tsx;docs/data/joy/components/drawer/DrawerSize.js;docs/data/joy/components/drawer/DrawerSize.tsx;docs/data/joy/components/drawer/DrawerTransition.js;docs/data/joy/components/drawer/DrawerTransition.tsx;docs/data/joy/components/drawer/DrawerUsage.js;docs/data/joy/components/drawer/drawer.md;docs/data/joy/pages.ts;docs/data/joy/pagesApi.js;docs/pages/base-ui/api/use-modal.json;docs/pages/joy-ui/api/drawer.js;docs/pages/joy-ui/api/drawer.json;docs/pages/joy-ui/api/modal.json;docs/src/modules/components/DemoSandbox.js;docs/translations/api-docs-joy/drawer-content/drawer-content.json;docs/translations/api-docs-joy/drawer/drawer.json;docs/translations/api-docs-joy/modal/modal.json;packages/mui-base/src/unstable_useModal/useModal.ts;packages/mui-base/src/unstable_useModal/useModal.types.ts;packages/mui-joy/src/Drawer/Drawer.tsx;packages/mui-joy/src/Drawer/DrawerProps.ts;packages/mui-joy/src/Drawer/drawerClasses.ts;packages/mui-joy/src/Drawer/index.ts;packages/mui-joy/src/Modal/Modal.tsx;packages/mui-joy/src/Modal/ModalProps.ts;packages/mui-joy/src/Modal/modalClasses.ts;packages/mui-joy/src/index.ts
mui__material-ui-38167	ts	mui/material-ui	NA	e9b324c880892e9c6ebd2a627f0311478f50252b	21	docs/data/joy/components/input/InputFormProps.js;docs/data/joy/components/input/InputFormProps.tsx;docs/data/joy/components/input/InputFormProps.tsx.preview;docs/data/joy/components/input/input.md;docs/data/joy/components/select/ControlledOpenSelect.js;docs/data/joy/components/select/ControlledOpenSelect.tsx;docs/data/joy/components/select/SelectFormSubmission.js;docs/data/joy/components/select/SelectFormSubmission.tsx;docs/data/joy/components/select/select.md;docs/pages/base-ui/api/select.json;docs/pages/base-ui/api/use-select.json;docs/pages/joy-ui/api/select.json;docs/translations/api-docs-base/select/select.json;docs/translations/api-docs-joy/select/select.json;docs/translations/api-docs/use-select/use-select.json;packages/mui-base/src/Select/Select.tsx;packages/mui-base/src/Select/Select.types.ts;packages/mui-base/src/useSelect/useSelect.ts;packages/mui-base/src/useSelect/useSelect.types.ts;packages/mui-joy/src/Select/Select.tsx;packages/mui-joy/src/Select/SelectProps.ts
mui__material-ui-38100	ts	mui/material-ui	NA	0f8eb07edbf21c585faf4803ab0122f23efbb2c7	6	docs/data/material/components/autocomplete/GloballyCustomizedOptions.js;docs/data/material/components/autocomplete/GloballyCustomizedOptions.tsx;packages/mui-joy/src/Autocomplete/Autocomplete.tsx;packages/mui-joy/src/Autocomplete/AutocompleteProps.ts;packages/mui-material/src/Autocomplete/Autocomplete.d.ts;packages/mui-material/src/Autocomplete/Autocomplete.js
mui__material-ui-37855	ts	mui/material-ui	NA	b00bdc767032fd008e5e3ec3133d6dc51264b1de	2	packages/mui-base/src/useSelect/useSelect.ts;packages/mui-base/src/useSelect/useSelect.types.ts
mui__material-ui-37850	ts	mui/material-ui	NA	eb8e95bacf06f824f9e88e7cf1399be1fa23b48f	13	docs/data/material/components/badges/BadgeMaterialYouPlayground.js;docs/data/material/components/badges/badges.md;packages/mui-material-next/migration.md;packages/mui-material-next/src/Badge/Badge.spec.tsx;packages/mui-material-next/src/Badge/Badge.tsx;packages/mui-material-next/src/Badge/Badge.types.ts;packages/mui-material-next/src/Badge/badgeClasses.ts;packages/mui-material-next/src/Badge/index.ts;packages/mui-material-next/src/index.ts;packages/mui-material-next/src/styles/Theme.types.ts;packages/mui-material-next/src/styles/createDarkColorScheme.ts;packages/mui-material-next/src/styles/createLightColorScheme.ts;packages/mui-material-next/src/styles/palette.ts
mui__material-ui-37716	ts	mui/material-ui	NA	05917392afce8bcd80b290749e5ecd879768d6fe	39	docs/data/joy/components/toggle-button-group/ExclusiveSelection.js;docs/data/joy/components/toggle-button-group/ExclusiveSelection.tsx;docs/data/joy/components/toggle-button-group/ToggleButtons.js;docs/data/joy/components/toggle-button-group/ToggleButtons.tsx;docs/data/joy/components/toggle-button-group/ToggleGroup.js;docs/data/joy/components/toggle-button-group/ToggleGroup.tsx;docs/data/joy/components/toggle-button-group/ToggleGroupColors.js;docs/data/joy/components/toggle-button-group/ToggleGroupColors.tsx;docs/data/joy/components/toggle-button-group/ToggleGroupSizes.js;docs/data/joy/components/toggle-button-group/ToggleGroupSizes.tsx;docs/data/joy/components/toggle-button-group/ToggleGroupSizes.tsx.preview;docs/data/joy/components/toggle-button-group/ToggleGroupSpacing.js;docs/data/joy/components/toggle-button-group/ToggleGroupSpacing.tsx;docs/data/joy/components/toggle-button-group/ToggleGroupToolbar.js;docs/data/joy/components/toggle-button-group/ToggleGroupToolbar.tsx;docs/data/joy/components/toggle-button-group/ToggleGroupUsage.js;docs/data/joy/components/toggle-button-group/ToggleGroupVariants.js;docs/data/joy/components/toggle-button-group/ToggleGroupVariants.tsx;docs/data/joy/components/toggle-button-group/ToggleGroupVariants.tsx.preview;docs/data/joy/components/toggle-button-group/toggle-button-group.md;docs/data/joy/components/toggle-button/toggle-button.md;docs/data/joy/pages.ts;docs/data/joy/pagesApi.js;docs/pages/experiments/joy/toggle-button.tsx;docs/pages/joy-ui/api/button.json;docs/pages/joy-ui/api/icon-button.json;docs/pages/joy-ui/api/toggle-button-group.js;docs/pages/joy-ui/api/toggle-button-group.json;docs/pages/joy-ui/react-toggle-button.js;docs/translations/api-docs-joy/toggle-button-group/toggle-button-group.json;docs/translations/translations.json;packages/mui-joy/src/Button/Button.tsx;packages/mui-joy/src/ButtonGroup/ButtonGroup.tsx;packages/mui-joy/src/IconButton/IconButton.tsx;packages/mui-joy/src/ToggleButtonGroup/ToggleButtonGroup.tsx;packages/mui-joy/src/ToggleButtonGroup/ToggleButtonGroupProps.ts;packages/mui-joy/src/ToggleButtonGroup/index.ts;packages/mui-joy/src/ToggleButtonGroup/toggleButtonGroupClasses.ts;packages/mui-joy/src/index.ts
mui__material-ui-37692	ts	mui/material-ui	NA	1af04d2aa1dd2356a24c7f31d7a2f7a174ba3cbb	1	packages/mui-joy/src/ButtonGroup/ButtonGroup.tsx
mui__material-ui-37667	ts	mui/material-ui	NA	0c627118be280cd91ffae0bed7ccc786617c6773	101	docs/data/base/components/menu/UnstyledMenuBasic/css/index.js;docs/data/base/components/menu/UnstyledMenuBasic/css/index.tsx;docs/data/base/components/menu/UnstyledMenuBasic/system/index.js;docs/data/base/components/menu/UnstyledMenuBasic/system/index.tsx;docs/data/base/components/menu/UnstyledMenuBasic/system/index.tsx.preview;docs/data/base/components/menu/UnstyledMenuBasic/tailwind/index.js;docs/data/base/components/menu/UnstyledMenuBasic/tailwind/index.tsx;docs/data/base/components/menu/UnstyledMenuIntroduction.js;docs/data/base/components/menu/UnstyledMenuIntroduction.tsx;docs/data/base/components/menu/UnstyledMenuIntroduction.tsx.preview;docs/data/base/components/menu/UseMenu.js;docs/data/base/components/menu/UseMenu.tsx;docs/data/base/components/menu/UseMenu.tsx.preview;docs/data/base/components/menu/WrappedMenuItems.js;docs/data/base/components/menu/WrappedMenuItems.tsx;docs/data/base/components/menu/menu.md;docs/data/base/pagesApi.js;docs/data/joy/components/menu/AppsMenu.js;docs/data/joy/components/menu/AppsMenu.tsx;docs/data/joy/components/menu/BasicMenu.js;docs/data/joy/components/menu/BasicMenu.tsx;docs/data/joy/components/menu/BasicMenu.tsx.preview;docs/data/joy/components/menu/GroupMenu.js;docs/data/joy/components/menu/GroupMenu.tsx;docs/data/joy/components/menu/IconButtonMenu.js;docs/data/joy/components/menu/IconButtonMenu.tsx;docs/data/joy/components/menu/IconButtonMenu.tsx.preview;docs/data/joy/components/menu/MenuIconSideNavExample.js;docs/data/joy/components/menu/MenuIconSideNavExample.tsx;docs/data/joy/components/menu/MenuToolbarExample.js;docs/data/joy/components/menu/MenuUsage.js;docs/data/joy/components/menu/PositionedMenu.js;docs/data/joy/components/menu/PositionedMenu.tsx;docs/data/joy/components/menu/SelectedMenu.js;docs/data/joy/components/menu/SelectedMenu.tsx;docs/data/joy/components/menu/SizeMenu.js;docs/data/joy/components/menu/SizeMenu.tsx;docs/data/joy/components/menu/menu.md;docs/data/joy/pagesApi.js;docs/pages/base-ui/api/dropdown.json;docs/pages/base-ui/api/menu-button.json;docs/pages/base-ui/api/menu.json;docs/pages/base-ui/api/use-dropdown.json;docs/pages/base-ui/api/use-menu-button.json;docs/pages/base-ui/api/use-menu.json;docs/pages/base-ui/react-menu/[docsTab]/index.js;docs/pages/experiments/base/menu.tsx;docs/pages/joy-ui/api/menu-button.js;docs/pages/joy-ui/api/menu-button.json;docs/pages/joy-ui/api/menu.json;docs/src/components/productBaseUI/BaseUIThemesDemo.tsx;docs/src/components/productBaseUI/components/BaseMenuDemo.tsx;docs/translations/api-docs-base/dropdown-menu/dropdown-menu.json;docs/translations/api-docs-base/dropdown/dropdown.json;docs/translations/api-docs-base/menu-button/menu-button.json;docs/translations/api-docs-base/menu/menu.json;docs/translations/api-docs-joy/menu-button/menu-button.json;docs/translations/api-docs-joy/menu/menu.json;docs/translations/api-docs/use-dropdown/use-dropdown.json;docs/translations/api-docs/use-menu-button/use-menu-button.json;docs/translations/api-docs/use-menu/use-menu.json;docs/translations/translations.json;packages/mui-base/src/Dropdown/Dropdown.tsx;packages/mui-base/src/Dropdown/Dropdown.types.ts;packages/mui-base/src/Dropdown/index.ts;packages/mui-base/src/Menu/Menu.tsx;packages/mui-base/src/Menu/Menu.types.ts;packages/mui-base/src/Menu/menuClasses.ts;packages/mui-base/src/MenuButton/MenuButton.tsx;packages/mui-base/src/MenuButton/MenuButton.types.ts;packages/mui-base/src/MenuButton/index.ts;packages/mui-base/src/MenuButton/menuButtonClasses.ts;packages/mui-base/src/index.d.ts;packages/mui-base/src/index.js;packages/mui-base/src/useButton/useButton.types.ts;packages/mui-base/src/useDropdown/DropdownContext.ts;packages/mui-base/src/useDropdown/dropdownReducer.ts;packages/mui-base/src/useDropdown/index.ts;packages/mui-base/src/useDropdown/useDropdown.ts;packages/mui-base/src/useDropdown/useDropdown.types.ts;packages/mui-base/src/useList/useList.types.ts;packages/mui-base/src/useList/useListItem.types.ts;packages/mui-base/src/useMenu/useMenu.ts;packages/mui-base/src/useMenu/useMenu.types.ts;packages/mui-base/src/useMenuButton/index.ts;packages/mui-base/src/useMenuButton/useMenuButton.ts;packages/mui-base/src/useMenuButton/useMenuButton.types.ts;packages/mui-base/src/useMenuItem/useMenuItem.ts;packages/mui-base/src/useMenuItem/useMenuItem.types.ts;packages/mui-base/src/utils/combineHooksSlotProps.ts;packages/mui-joy/src/Button/Button.tsx;packages/mui-joy/src/Dropdown/index.ts;packages/mui-joy/src/Menu/Menu.tsx;packages/mui-joy/src/MenuButton/MenuButton.tsx;packages/mui-joy/src/MenuButton/MenuButtonProps.ts;packages/mui-joy/src/MenuButton/index.ts;packages/mui-joy/src/MenuButton/menuButtonClasses.ts;packages/mui-joy/src/MenuList/MenuList.tsx;packages/mui-joy/src/index.ts;packages/mui-joy/src/styles/components.d.ts;packages/mui-joy/src/styles/extendTheme.spec.ts
mui__material-ui-37465	ts	mui/material-ui	NA	bf1a4fc8f9fba7dad9657ce6db1d5500b8aaf4cf	6	docs/data/material/components/popover/VirtualElementPopover.js;docs/data/material/components/popover/VirtualElementPopover.tsx;docs/data/material/components/popover/popover.md;docs/translations/api-docs/popover/popover.json;packages/mui-material/src/Popover/Popover.d.ts;packages/mui-material/src/Popover/Popover.js
mui__material-ui-37141	ts	mui/material-ui	NA	9710ff34b16a0f271107a8619a28546ae3ca7c18	1	packages/mui-base/src/useSelect/useSelect.ts
mui__material-ui-37118	ts	mui/material-ui	NA	5b6e6c5ccf19ffbf251cd19ead587774f17f6ec0	13	docs/data/base/components/select/UnstyledSelectIntroduction.js;docs/pages/base/api/select.json;docs/pages/base/api/use-select.json;docs/translations/api-docs-base/select/select.json;docs/translations/api-docs/use-select/use-select.json;packages/mui-base/src/Select/Select.tsx;packages/mui-base/src/Select/Select.types.ts;packages/mui-base/src/useList/listReducer.ts;packages/mui-base/src/useList/useList.ts;packages/mui-base/src/useList/useList.types.ts;packages/mui-base/src/useMenu/useMenu.ts;packages/mui-base/src/useSelect/useSelect.ts;packages/mui-base/src/useSelect/useSelect.types.ts
mui__material-ui-37108	ts	mui/material-ui	NA	22b7f0c0a0d3a87113a34a85c27ccb8053e02487	1	packages/mui-system/src/styleFunctionSx/styleFunctionSx.js
mui__material-ui-37070	ts	mui/material-ui	NA	fe90fe90b28bf357bec47eaf9641d6bc3a862bd1	2	packages/mui-system/src/Unstable_Grid/createGrid.tsx;packages/mui-system/src/Unstable_Grid/gridGenerator.ts
mui__material-ui-36971	ts	mui/material-ui	NA	be6b6e2bc479473853ea2ecd367cd1a46c728ad9	7	docs/data/material/components/autocomplete/GloballyCustomizedOptions.js;docs/data/material/components/autocomplete/GloballyCustomizedOptions.tsx;docs/data/material/components/autocomplete/GloballyCustomizedOptions.tsx.preview;docs/data/material/components/autocomplete/autocomplete.md;docs/translations/api-docs/autocomplete/autocomplete.json;packages/mui-material/src/Autocomplete/Autocomplete.d.ts;packages/mui-material/src/Autocomplete/Autocomplete.js
mui__material-ui-36853	ts	mui/material-ui	NA	44748d4c1f5272f00bb362af2869895ce8c28677	1	packages/mui-system/src/cssVars/prepareCssVars.ts
mui__material-ui-36839	ts	mui/material-ui	NA	511b38515faa7766405cec114ffeda3b2077a4fc	1	packages/mui-joy/src/Table/Table.tsx
mui__material-ui-36659	ts	mui/material-ui	NA	0ba283880545390fc6408e408dcde93ed5de178c	1	packages/mui-base/src/useAutocomplete/useAutocomplete.js
mui__material-ui-36426	ts	mui/material-ui	NA	a0c6c43187da86b1538685afdb529971ef57932f	9	docs/pages/base-ui/api/use-autocomplete.json;docs/pages/material-ui/api/autocomplete.json;docs/translations/api-docs/autocomplete/autocomplete.json;docs/translations/api-docs/use-autocomplete/use-autocomplete.json;packages/mui-base/src/useAutocomplete/useAutocomplete.d.ts;packages/mui-base/src/useAutocomplete/useAutocomplete.js;packages/mui-base/src/useAutocomplete/useAutocomplete.spec.ts;packages/mui-joy/src/Autocomplete/Autocomplete.tsx;packages/mui-material/src/Autocomplete/Autocomplete.js
mui__material-ui-36403	ts	mui/material-ui	NA	04c0dd052dbb88b1eaf5ccb07c6f2ba57d63a662	3	packages/mui-styled-engine-sc/src/index.js;packages/mui-styled-engine/src/index.d.ts;packages/mui-styled-engine/src/index.js
mui__material-ui-36401	ts	mui/material-ui	NA	b1b9ef7fae31cd34e3dc0be72439975f4a8bad6a	4	docs/data/material/components/grid2/NestedGridColumns.js;docs/data/material/components/grid2/NestedGridColumns.tsx;docs/data/material/components/grid2/grid2.md;packages/mui-system/src/Unstable_Grid/gridGenerator.ts
mui__material-ui-36400	ts	mui/material-ui	NA	e05f16c4c5070a69abaa143d513a1f831f8dbfb9	149	docs/data/base/components/menu/MenuSimple.js;docs/data/base/components/menu/MenuSimple.tsx;docs/data/base/components/menu/UnstyledMenuIntroduction.js;docs/data/base/components/menu/UnstyledMenuIntroduction.tsx;docs/data/base/components/menu/UseMenu.js;docs/data/base/components/menu/UseMenu.tsx;docs/data/base/components/menu/WrappedMenuItems.js;docs/data/base/components/menu/WrappedMenuItems.tsx;docs/data/base/components/select/UnstyledSelectCustomRenderValue.tsx;docs/data/base/components/select/UnstyledSelectObjectValuesForm.tsx;docs/data/base/components/select/UseSelect.js;docs/data/base/components/select/UseSelect.tsx;docs/data/base/components/tabs/KeyboardNavigation.js;docs/data/base/components/tabs/KeyboardNavigation.tsx;docs/data/base/components/tabs/UnstyledTabsBasic.js;docs/data/base/components/tabs/UnstyledTabsBasic.tsx;docs/data/base/components/tabs/UnstyledTabsBasic.tsx.preview;docs/data/base/components/tabs/UnstyledTabsCustomized.js;docs/data/base/components/tabs/UnstyledTabsCustomized.tsx;docs/data/base/components/tabs/UnstyledTabsCustomized.tsx.preview;docs/data/base/components/tabs/UnstyledTabsIntroduction.js;docs/data/base/components/tabs/UnstyledTabsIntroduction.tsx;docs/data/base/components/tabs/UnstyledTabsIntroduction.tsx.preview;docs/data/joy/components/select/SelectCustomOption.js;docs/data/joy/components/select/SelectCustomOption.tsx;docs/data/joy/getting-started/templates/email/components/Menu.tsx;docs/data/joy/getting-started/templates/files/components/Menu.tsx;docs/data/joy/getting-started/templates/team/components/Menu.tsx;docs/pages/base/api/menu-unstyled.json;docs/pages/base/api/tab-panel-unstyled.json;docs/pages/base/api/tabs-unstyled.json;docs/pages/base/api/use-button.json;docs/pages/base/api/use-menu-item.json;docs/pages/base/api/use-menu.json;docs/pages/base/api/use-option.json;docs/pages/base/api/use-select.json;docs/pages/base/api/use-tab-panel.json;docs/pages/base/api/use-tab.json;docs/pages/base/api/use-tabs-list.json;docs/pages/base/api/use-tabs.json;docs/pages/experiments/base/listbox.tsx;docs/pages/experiments/base/tabs.tsx;docs/pages/joy-ui/api/menu-list.json;docs/pages/joy-ui/api/option.json;docs/pages/joy-ui/api/tabs.json;docs/translations/api-docs-joy/tabs/tabs.json;docs/translations/api-docs/menu-unstyled/menu-unstyled.json;docs/translations/api-docs/select-unstyled/select-unstyled.json;docs/translations/api-docs/tab-panel-unstyled/tab-panel-unstyled.json;docs/translations/api-docs/tabs-unstyled/tabs-unstyled.json;docs/translations/api-docs/use-button/use-button.json;docs/translations/api-docs/use-menu-item/use-menu-item.json;docs/translations/api-docs/use-menu/use-menu.json;docs/translations/api-docs/use-select/use-select.json;docs/translations/api-docs/use-tab-panel/use-tab-panel.json;docs/translations/api-docs/use-tab/use-tab.json;docs/translations/api-docs/use-tabs-list/use-tabs-list.json;docs/translations/api-docs/use-tabs/use-tabs.json;packages/mui-base/src/MenuItemUnstyled/MenuItemUnstyled.types.ts;packages/mui-base/src/MenuUnstyled/MenuUnstyled.tsx;packages/mui-base/src/MenuUnstyled/MenuUnstyled.types.ts;packages/mui-base/src/MenuUnstyled/MenuUnstyledContext.ts;packages/mui-base/src/MenuUnstyled/index.tsx;packages/mui-base/src/MenuUnstyled/useMenuChangeNotifiers.ts;packages/mui-base/src/OptionUnstyled/OptionUnstyled.spec.tsx;packages/mui-base/src/OptionUnstyled/OptionUnstyled.tsx;packages/mui-base/src/OptionUnstyled/OptionUnstyled.types.ts;packages/mui-base/src/SelectUnstyled/SelectUnstyled.spec.tsx;packages/mui-base/src/SelectUnstyled/SelectUnstyled.tsx;packages/mui-base/src/SelectUnstyled/SelectUnstyled.types.ts;packages/mui-base/src/SelectUnstyled/SelectUnstyledContext.ts;packages/mui-base/src/SelectUnstyled/index.ts;packages/mui-base/src/SelectUnstyled/utils.tsx;packages/mui-base/src/TabPanelUnstyled/TabPanelUnstyled.tsx;packages/mui-base/src/TabPanelUnstyled/TabPanelUnstyled.types.ts;packages/mui-base/src/TabUnstyled/TabUnstyled.spec.tsx;packages/mui-base/src/TabUnstyled/TabUnstyled.tsx;packages/mui-base/src/TabUnstyled/TabUnstyled.types.ts;packages/mui-base/src/TabsListUnstyled/TabsListUnstyled.tsx;packages/mui-base/src/TabsUnstyled/TabsContext.ts;packages/mui-base/src/TabsUnstyled/TabsUnstyled.tsx;packages/mui-base/src/TabsUnstyled/TabsUnstyled.types.ts;packages/mui-base/src/index.d.ts;packages/mui-base/src/index.js;packages/mui-base/src/useButton/useButton.ts;packages/mui-base/src/useButton/useButton.types.ts;packages/mui-base/src/useList/ListContext.ts;packages/mui-base/src/useList/index.ts;packages/mui-base/src/useList/listActions.types.ts;packages/mui-base/src/useList/listReducer.ts;packages/mui-base/src/useList/useList.ts;packages/mui-base/src/useList/useList.types.ts;packages/mui-base/src/useSelect/useSelectChangeNotifiers.ts;packages/mui-base/src/useList/useListItem.ts;packages/mui-base/src/useList/useListItem.types.ts;packages/mui-base/src/useListbox/defaultListboxReducer.ts;packages/mui-base/src/useListbox/index.ts;packages/mui-base/src/useListbox/useControllableReducer.ts;packages/mui-base/src/useListbox/useListbox.ts;packages/mui-base/src/useListbox/useListbox.types.ts;packages/mui-base/src/useMenu/MenuProvider.tsx;packages/mui-base/src/useMenu/index.ts;packages/mui-base/src/useMenu/menuReducer.ts;packages/mui-base/src/useMenu/useMenu.ts;packages/mui-base/src/useMenu/useMenu.types.ts;packages/mui-base/src/useMenuItem/useMenuItem.ts;packages/mui-base/src/useMenuItem/useMenuItem.types.ts;packages/mui-base/src/useOption/useOption.ts;packages/mui-base/src/useOption/useOption.types.ts;packages/mui-base/src/useSelect/SelectProvider.tsx;packages/mui-base/src/SelectUnstyled/defaultOptionStringifier.ts;packages/mui-base/src/useSelect/index.ts;packages/mui-base/src/useSelect/selectReducer.ts;packages/mui-base/src/useSelect/useSelect.ts;packages/mui-base/src/useSelect/useSelect.types.ts;packages/mui-base/src/useTab/useTab.ts;packages/mui-base/src/useTab/useTab.types.ts;packages/mui-base/src/useTabPanel/useTabPanel.ts;packages/mui-base/src/useTabPanel/useTabPanel.types.ts;packages/mui-base/src/useTabs/TabsProvider.tsx;packages/mui-base/src/useTabs/index.ts;packages/mui-base/src/useTabs/useTabs.ts;packages/mui-base/src/useTabs/useTabs.types.ts;packages/mui-base/src/useTabsList/TabsListProvider.tsx;packages/mui-base/src/useTabsList/index.ts;packages/mui-base/src/useTabsList/tabsListReducer.ts;packages/mui-base/src/useTabsList/useTabsList.ts;packages/mui-base/src/useTabsList/useTabsList.types.ts;packages/mui-base/src/utils/useCompound.ts;packages/mui-base/src/utils/useCompoundItem.ts;packages/mui-base/src/utils/useControllableReducer.ts;packages/mui-base/src/utils/useControllableReducer.types.ts;packages/mui-base/src/utils/useTextNavigation.ts;packages/mui-joy/src/List/GroupListContext.ts;packages/mui-joy/src/List/List.tsx;packages/mui-joy/src/ListItem/ListItem.tsx;packages/mui-joy/src/Menu/Menu.tsx;packages/mui-joy/src/MenuList/MenuList.tsx;packages/mui-joy/src/Option/Option.tsx;packages/mui-joy/src/Option/OptionProps.ts;packages/mui-joy/src/Select/Select.tsx;packages/mui-joy/src/Select/SelectProps.ts;packages/mui-joy/src/TabList/TabList.tsx;packages/mui-joy/src/TabPanel/TabPanel.tsx;packages/mui-joy/src/Tabs/Tabs.tsx;packages/mui-material-next/src/Tab/Tab.js;packages/mui-material-next/src/Tabs/Tabs.js;packages/mui-material-next/src/Tabs/TabsList.js;packages/mui-material-next/src/Tabs/TabsListContext.js
mui__material-ui-36399	ts	mui/material-ui	NA	fe7ac373c763867a0eb1eb5be8da09b303d9e417	5	docs/data/material/components/grid2/grid2.md;packages/mui-system/src/Unstable_Grid/GridProps.ts;packages/mui-system/src/Unstable_Grid/createGrid.tsx;packages/mui-system/src/Unstable_Grid/gridGenerator.ts;packages/mui-system/src/createStyled.js
mui__material-ui-36353	ts	mui/material-ui	NA	d57bd96cfcec023238c85488a3d399534518fd37	1	packages/mui-material/src/DialogTitle/DialogTitle.js
mui__material-ui-36116	ts	mui/material-ui	NA	f800c835562da9cc8fa3f7615b32a8e6cc8b31d8	1	packages/mui-base/src/AutocompleteUnstyled/useAutocomplete.js
mui__material-ui-36088	ts	mui/material-ui	NA	b1d2e8d375be4f2a238fe7bce81ad2bf5cb68ad1	1	packages/mui-base/src/AutocompleteUnstyled/useAutocomplete.js
mui__material-ui-36056	ts	mui/material-ui	NA	1dc2782ddd66e3642ffc2175015d0af6de494a52	3	docs/data/material/components/use-media-query/use-media-query.md;packages/mui-material/src/styles/props.d.ts;packages/mui-material/src/useMediaQuery/useMediaQuery.ts
mui__material-ui-36024	ts	mui/material-ui	NA	910d3a4ca46c6f79b7b5507c35532774c38460d2	4	docs/data/material/components/selects/selects.md;packages/mui-material/src/ListSubheader/ListSubheader.js;packages/mui-material/src/MenuList/MenuList.js;packages/mui-material/src/Select/SelectInput.js
mui__material-ui-35994	ts	mui/material-ui	NA	2694045ca3d1273cfa1a3415c6ce4b971b298f7a	5	docs/data/material/components/grid2/SpacingGrid.js;docs/data/material/components/grid2/SpacingGrid.tsx;packages/mui-system/src/Unstable_Grid/GridProps.ts;packages/mui-system/src/Unstable_Grid/createGrid.tsx;packages/mui-system/src/Unstable_Grid/gridGenerator.ts
mui__material-ui-35963	ts	mui/material-ui	NA	dbddc26ff0e421603a196e68e4d80878d262c632	26	docs/data/base/getting-started/customization/DisabledDefaultClasses.js;docs/data/base/getting-started/customization/DisabledDefaultClasses.tsx;docs/data/base/getting-started/customization/DisabledDefaultClasses.tsx.preview;docs/data/base/getting-started/customization/customization.md;packages/mui-base/src/BadgeUnstyled/BadgeUnstyled.tsx;packages/mui-base/src/ButtonUnstyled/ButtonUnstyled.tsx;packages/mui-base/src/FormControlUnstyled/FormControlUnstyled.tsx;packages/mui-base/src/InputUnstyled/InputUnstyled.tsx;packages/mui-base/src/MenuItemUnstyled/MenuItemUnstyled.tsx;packages/mui-base/src/MenuUnstyled/MenuUnstyled.tsx;packages/mui-base/src/ModalUnstyled/ModalUnstyled.tsx;packages/mui-base/src/OptionGroupUnstyled/OptionGroupUnstyled.tsx;packages/mui-base/src/OptionUnstyled/OptionUnstyled.tsx;packages/mui-base/src/PopperUnstyled/PopperUnstyled.tsx;packages/mui-base/src/SelectUnstyled/SelectUnstyled.tsx;packages/mui-base/src/SliderUnstyled/SliderUnstyled.tsx;packages/mui-base/src/SnackbarUnstyled/SnackbarUnstyled.tsx;packages/mui-base/src/SwitchUnstyled/SwitchUnstyled.tsx;packages/mui-base/src/TabPanelUnstyled/TabPanelUnstyled.tsx;packages/mui-base/src/TabUnstyled/TabUnstyled.tsx;packages/mui-base/src/TablePaginationUnstyled/TablePaginationUnstyled.tsx;packages/mui-base/src/TabsListUnstyled/TabsListUnstyled.tsx;packages/mui-base/src/TabsUnstyled/TabsUnstyled.tsx;packages/mui-base/src/utils/ClassNameConfigurator.tsx;packages/mui-base/src/utils/index.ts;packages/mui-utils/src/composeClasses/composeClasses.ts
mui__material-ui-35946	ts	mui/material-ui	NA	412f98170ddfa5e3d38980095142ba59214507f6	38	docs/data/base/components/menu/UseMenu.js;docs/data/base/components/menu/UseMenu.tsx;docs/data/base/components/select/UseSelect.js;docs/data/base/components/select/UseSelect.tsx;docs/data/base/pagesApi.js;docs/pages/base/api/use-option.js;docs/pages/base/api/use-option.json;docs/translations/api-docs/use-option/use-option.json;packages/api-docs-builder/buildApiUtils.ts;packages/mui-base/src/ListboxUnstyled/defaultListboxReducer.ts;packages/mui-base/src/ListboxUnstyled/useControllableReducer.ts;packages/mui-base/src/ListboxUnstyled/useListbox.ts;packages/mui-base/src/ListboxUnstyled/useListbox.types.ts;packages/mui-base/src/MenuItemUnstyled/MenuItemUnstyled.tsx;packages/mui-base/src/MenuItemUnstyled/MenuItemUnstyled.types.ts;packages/mui-base/src/MenuItemUnstyled/useMenuItem.ts;packages/mui-base/src/MenuUnstyled/MenuUnstyled.tsx;packages/mui-base/src/MenuUnstyled/MenuUnstyledContext.ts;packages/mui-base/src/MenuUnstyled/useMenu.ts;packages/mui-base/src/MenuUnstyled/useMenuChangeNotifiers.ts;packages/mui-base/src/MultiSelectUnstyled/MultiSelectUnstyled.tsx;packages/mui-base/src/OptionUnstyled/OptionUnstyled.tsx;packages/mui-base/src/OptionUnstyled/index.ts;packages/mui-base/src/OptionUnstyled/useOption.ts;packages/mui-base/src/OptionUnstyled/useOption.types.ts;packages/mui-base/src/SelectUnstyled/SelectUnstyled.tsx;packages/mui-base/src/SelectUnstyled/SelectUnstyledContext.ts;packages/mui-base/src/SelectUnstyled/useSelect.ts;packages/mui-base/src/SelectUnstyled/useSelect.types.ts;packages/mui-base/src/SelectUnstyled/useSelectChangeNotifiers.ts;packages/mui-base/src/SelectUnstyled/utils.tsx;packages/mui-base/src/utils/useForcedRerendering.ts;packages/mui-base/src/utils/useMessageBus.ts;packages/mui-base/src/utils/useTextNavigation.ts;packages/mui-joy/src/Menu/Menu.tsx;packages/mui-joy/src/MenuList/MenuList.tsx;packages/mui-joy/src/Option/Option.tsx;packages/mui-joy/src/Select/Select.tsx
mui__material-ui-35872	ts	mui/material-ui	NA	d53dff1a73f8e2b87ce3eb188fcfc4b079d898f2	55	docs/data/joy/components/table/BasicTable.js;docs/data/joy/components/table/BasicTable.tsx;docs/data/joy/components/table/TableAlignment.js;docs/data/joy/components/table/TableAlignment.tsx;docs/data/joy/components/table/TableBorder.js;docs/data/joy/components/table/TableBorder.tsx;docs/data/joy/components/table/TableCaption.js;docs/data/joy/components/table/TableCaption.tsx;docs/data/joy/components/table/TableCollapsibleRow.js;docs/data/joy/components/table/TableCollapsibleRow.tsx;docs/data/joy/components/table/TableColumnPinning.js;docs/data/joy/components/table/TableColumnPinning.tsx;docs/data/joy/components/table/TableColumnWidth.js;docs/data/joy/components/table/TableColumnWidth.tsx;docs/data/joy/components/table/TableFooter.js;docs/data/joy/components/table/TableFooter.tsx;docs/data/joy/components/table/TableGlobalVariant.js;docs/data/joy/components/table/TableGlobalVariant.tsx;docs/data/joy/components/table/TableHover.js;docs/data/joy/components/table/TableHover.tsx;docs/data/joy/components/table/TableRowColumnSpan.js;docs/data/joy/components/table/TableRowColumnSpan.tsx;docs/data/joy/components/table/TableRowHead.js;docs/data/joy/components/table/TableRowHead.tsx;docs/data/joy/components/table/TableScrollingShadows.js;docs/data/joy/components/table/TableScrollingShadows.tsx;docs/data/joy/components/table/TableSheet.js;docs/data/joy/components/table/TableSheet.tsx;docs/data/joy/components/table/TableSheetColorInversion.js;docs/data/joy/components/table/TableSheetColorInversion.tsx;docs/data/joy/components/table/TableSizes.js;docs/data/joy/components/table/TableSizes.tsx;docs/data/joy/components/table/TableSortAndSelection.js;docs/data/joy/components/table/TableSortAndSelection.tsx;docs/data/joy/components/table/TableStickyHeader.js;docs/data/joy/components/table/TableStickyHeader.tsx;docs/data/joy/components/table/TableStripe.js;docs/data/joy/components/table/TableStripe.tsx;docs/data/joy/components/table/TableTextEllipsis.js;docs/data/joy/components/table/TableTextEllipsis.tsx;docs/data/joy/components/table/TableUsage.js;docs/data/joy/components/table/TableVariables.js;docs/data/joy/components/table/TableVariants.js;docs/data/joy/components/table/TableVariants.tsx;docs/data/joy/components/table/table.md;docs/data/joy/pages.ts;docs/pages/joy-ui/react-table.js;packages/mui-joy/src/Sheet/Sheet.tsx;packages/mui-joy/src/Table/Table.tsx;packages/mui-joy/src/Table/TableProps.ts;packages/mui-joy/src/Table/index.ts;packages/mui-joy/src/Table/tableClasses.ts;packages/mui-joy/src/styles/components.d.ts;packages/mui-joy/src/styles/extendTheme.spec.ts;packages/mui-joy/src/styles/styleUtils.ts
mui__material-ui-35838	ts	mui/material-ui	NA	0198612f091c8d52310717106f234c81199d4d35	1	packages/mui-base/src/ListboxUnstyled/useListbox.ts
mui__material-ui-35804	ts	mui/material-ui	NA	0486f4b2952519d9a01c17dc45841523acdd7f92	1	packages/mui-material/src/styles/experimental_extendTheme.js
mui__material-ui-35477	ts	mui/material-ui	NA	e195455738a9de164d1f9766de96213b83dd6623	1	packages/mui-utils/src/resolveProps.ts
mui__material-ui-35410	ts	mui/material-ui	NA	1e4dd5f0837c84a4f1a55590857f989d6c3198fc	2	packages/mui-base/src/ButtonUnstyled/useButton.ts;packages/mui-base/src/ButtonUnstyled/useButton.types.ts
mui__material-ui-35364	ts	mui/material-ui	NA	9e140a77ebd8464e2b400b1d1d19fc63c387a864	1	packages/mui-utils/src/deepmerge.ts
mui__material-ui-35360	ts	mui/material-ui	NA	f4be7ab10be074bf02ababb23ce15ed386c98b78	1	packages/mui-utils/src/exactProp.ts
mui__material-ui-35178	ts	mui/material-ui	NA	1ea442da69a48694c3880e1302cfc10eb85e93eb	3	packages/mui-material/src/styles/experimental_extendTheme.js;packages/mui-system/src/colorManipulator.d.ts;packages/mui-system/src/colorManipulator.js
mui__material-ui-35088	ts	mui/material-ui	NA	092b06a05320a17e55ca00e691956dacc3061262	8	packages/mui-material/src/Accordion/Accordion.js;packages/mui-material/src/styles/useThemeProps.d.ts;packages/mui-material/src/styles/useThemeProps.js;packages/mui-system/src/useThemeProps/getThemeProps.d.ts;packages/mui-system/src/useThemeProps/getThemeProps.js;packages/mui-system/src/useThemeProps/useThemeProps.d.ts;packages/mui-system/src/useThemeProps/useThemeProps.js;packages/mui-utils/src/resolveProps.ts
mui__material-ui-35086	ts	mui/material-ui	NA	b144a55f0ff8c2d45db00698fff2b0a077d2e619	1	packages/mui-material/src/SvgIcon/SvgIcon.js
mui__material-ui-35047	ts	mui/material-ui	NA	43408b10ef81ff885c3ad69bd1c9df21680960d4	1	packages/mui-material/src/Select/SelectInput.js
mui__material-ui-34966	ts	mui/material-ui	NA	8f246c16a78968aec03a13835bc5c7c74ea3d945	7	docs/data/material/components/dividers/DividerText.js;docs/data/material/components/dividers/DividerText.tsx;docs/data/material/components/links/Links.js;docs/data/material/components/links/Links.tsx;docs/data/material/components/links/UnderlineLink.js;docs/data/material/components/links/UnderlineLink.tsx;packages/mui-system/src/Stack/createStack.tsx
mui__material-ui-34829	ts	mui/material-ui	NA	641132490fdc09dd4530e9de6859d504100fc52a	23	packages/mui-joy/src/Link/Link.tsx;packages/mui-joy/src/styles/extendTheme.ts;packages/mui-joy/src/styles/variantUtils.ts;packages/mui-lab/src/TreeItem/TreeItem.js;packages/mui-material/src/Autocomplete/Autocomplete.js;packages/mui-material/src/Button/Button.js;packages/mui-material/src/ButtonGroup/ButtonGroup.js;packages/mui-material/src/Chip/Chip.js;packages/mui-material/src/Divider/Divider.js;packages/mui-material/src/FilledInput/FilledInput.js;packages/mui-material/src/IconButton/IconButton.js;packages/mui-material/src/Input/Input.js;packages/mui-material/src/Link/getTextDecoration.ts;packages/mui-material/src/ListItem/ListItem.js;packages/mui-material/src/ListItemButton/ListItemButton.js;packages/mui-material/src/MenuItem/MenuItem.js;packages/mui-material/src/OutlinedInput/OutlinedInput.js;packages/mui-material/src/PaginationItem/PaginationItem.js;packages/mui-material/src/Slider/Slider.js;packages/mui-material/src/Switch/Switch.js;packages/mui-material/src/TableRow/TableRow.js;packages/mui-material/src/ToggleButton/ToggleButton.js;packages/mui-material/src/styles/experimental_extendTheme.js
mui__material-ui-34610	ts	mui/material-ui	NA	1e09429e1804ddd7505fe78f3d606e24e98aa16f	1	packages/mui-base/src/SliderUnstyled/SliderUnstyled.js
mui__material-ui-34548	ts	mui/material-ui	NA	139724acb3ff53e7f4c8a3a3be90d004f8b8309f	3	packages/mui-system/src/palette.js;packages/mui-system/src/style.d.ts;packages/mui-system/src/style.js
mui__material-ui-34478	ts	mui/material-ui	NA	17695ff6be0aa6c7e4c81cadee5b9c8fb0c1a0b8	1	packages/mui-joy/src/Radio/Radio.tsx
mui__material-ui-34455	ts	mui/material-ui	NA	2890881a35de8bd364ccc7cab4fb7c2c227b130f	2	packages/mui-joy/src/Chip/Chip.tsx;packages/mui-joy/src/Chip/ChipProps.ts
mui__material-ui-34445	ts	mui/material-ui	NA	82d5d37106179635e7ed9c0efd962139ff62b5ea	1	packages/mui-material/src/Popover/Popover.js
mui__material-ui-34437	ts	mui/material-ui	NA	d9e863562f735bc798adfe20a63faa919a4fddd4	1	packages/mui-system/src/colorManipulator.js
mui__material-ui-34401	ts	mui/material-ui	NA	d35d22994887bd83517a99cc8125ad97c402223a	152	.eslintrc.js;.github/CODEOWNERS;docs/data/base/components/badge/badge.md;docs/data/base/components/button/UseButton.js;docs/data/base/components/button/UseButton.tsx;docs/data/base/components/button/button.md;docs/data/base/components/form-control/BasicFormControl.tsx;docs/data/base/components/form-control/form-control.md;docs/data/base/components/input/UseInput.js;docs/data/base/components/input/UseInput.tsx;docs/data/base/components/input/input.md;docs/data/base/components/menu/UseMenu.js;docs/data/base/components/menu/UseMenu.tsx;docs/data/base/components/menu/menu.md;docs/data/base/components/select/UnstyledSelectCustomRenderValue.js;docs/data/base/components/select/UnstyledSelectCustomRenderValue.tsx;docs/data/base/components/select/UnstyledSelectObjectValuesForm.js;docs/data/base/components/select/UnstyledSelectObjectValuesForm.tsx;docs/data/base/components/select/UseSelect.js;docs/data/base/components/select/UseSelect.tsx;docs/data/base/components/select/select.md;docs/data/base/components/slider/slider.md;docs/data/base/components/switch/UseSwitchesBasic.js;docs/data/base/components/switch/UseSwitchesBasic.tsx;docs/data/base/components/switch/UseSwitchesCustom.js;docs/data/base/components/switch/UseSwitchesCustom.tsx;docs/data/base/components/switch/switch.md;docs/data/base/getting-started/customization/StylingHooks.js;docs/data/base/getting-started/customization/StylingHooks.tsx;docs/data/material/components/autocomplete/CustomizedHook.js;docs/data/material/components/autocomplete/CustomizedHook.tsx;docs/data/material/components/autocomplete/UseAutocomplete.js;docs/data/material/components/autocomplete/UseAutocomplete.tsx;docs/data/material/components/autocomplete/autocomplete.md;docs/pages/blog/2021-q3-update.md;packages/mui-base/src/AutocompleteUnstyled/index.js;packages/mui-base/src/BadgeUnstyled/BadgeUnstyled.tsx;packages/mui-base/src/BadgeUnstyled/index.ts;packages/mui-base/src/ButtonUnstyled/ButtonUnstyled.tsx;packages/mui-base/src/ButtonUnstyled/ButtonUnstyled.types.ts;packages/mui-base/src/ButtonUnstyled/index.ts;packages/mui-base/src/InputUnstyled/InputUnstyled.tsx;packages/mui-base/src/InputUnstyled/InputUnstyled.types.ts;packages/mui-base/src/InputUnstyled/index.ts;packages/mui-base/src/MenuItemUnstyled/MenuItemUnstyled.tsx;packages/mui-base/src/MenuItemUnstyled/index.tsx;packages/mui-base/src/MenuUnstyled/MenuUnstyled.tsx;packages/mui-base/src/MenuUnstyled/MenuUnstyled.types.ts;packages/mui-base/src/MenuUnstyled/MenuUnstyledContext.ts;packages/mui-base/src/MenuUnstyled/index.tsx;packages/mui-base/src/MultiSelectUnstyled/MultiSelectUnstyled.tsx;packages/mui-base/src/MultiSelectUnstyled/MultiSelectUnstyled.types.ts;packages/mui-base/src/OptionUnstyled/OptionUnstyled.tsx;packages/mui-base/src/OptionUnstyled/OptionUnstyled.types.ts;packages/mui-base/src/SelectUnstyled/SelectUnstyled.tsx;packages/mui-base/src/SelectUnstyled/SelectUnstyled.types.ts;packages/mui-base/src/SelectUnstyled/SelectUnstyledContext.ts;packages/mui-base/src/SelectUnstyled/index.ts;packages/mui-base/src/SelectUnstyled/utils.tsx;packages/mui-base/src/SliderUnstyled/SliderUnstyled.js;packages/mui-base/src/SliderUnstyled/SliderUnstyled.types.ts;packages/mui-base/src/SliderUnstyled/index.d.ts;packages/mui-base/src/SliderUnstyled/index.js;packages/mui-base/src/SwitchUnstyled/SwitchUnstyled.tsx;packages/mui-base/src/SwitchUnstyled/SwitchUnstyled.types.ts;packages/mui-base/src/SwitchUnstyled/index.ts;packages/mui-base/src/TabPanelUnstyled/TabPanelUnstyled.tsx;packages/mui-base/src/TabPanelUnstyled/TabPanelUnstyled.types.ts;packages/mui-base/src/TabPanelUnstyled/index.ts;packages/mui-base/src/TabUnstyled/TabUnstyled.tsx;packages/mui-base/src/TabUnstyled/TabUnstyled.types.ts;packages/mui-base/src/TabUnstyled/index.ts;packages/mui-base/src/TabsListUnstyled/TabsListUnstyled.tsx;packages/mui-base/src/TabsListUnstyled/TabsListUnstyled.types.ts;packages/mui-base/src/TabsListUnstyled/index.ts;packages/mui-base/src/TabsUnstyled/TabsUnstyled.tsx;packages/mui-base/src/TabsUnstyled/index.ts;packages/mui-base/src/index.d.ts;packages/mui-base/src/index.js;packages/mui-base/src/AutocompleteUnstyled/index.d.ts;packages/mui-base/src/useAutocomplete/index.js;packages/mui-base/src/AutocompleteUnstyled/useAutocomplete.d.ts;packages/mui-base/src/AutocompleteUnstyled/useAutocomplete.js;packages/mui-base/src/AutocompleteUnstyled/useAutocomplete.spec.ts;packages/mui-base/src/useBadge/index.ts;packages/mui-base/src/BadgeUnstyled/useBadge.ts;packages/mui-base/src/useButton/index.ts;packages/mui-base/src/ButtonUnstyled/useButton.ts;packages/mui-base/src/ButtonUnstyled/useButton.types.ts;packages/mui-base/src/useInput/index.ts;packages/mui-base/src/InputUnstyled/useInput.ts;packages/mui-base/src/InputUnstyled/useInput.types.ts;packages/mui-base/src/ListboxUnstyled/defaultListboxReducer.ts;packages/mui-base/src/ListboxUnstyled/index.ts;packages/mui-base/src/ListboxUnstyled/useControllableReducer.ts;packages/mui-base/src/ListboxUnstyled/useListbox.ts;packages/mui-base/src/ListboxUnstyled/useListbox.types.ts;packages/mui-base/src/useMenu/index.ts;packages/mui-base/src/MenuUnstyled/useMenu.ts;packages/mui-base/src/MenuUnstyled/useMenu.types.ts;packages/mui-base/src/useMenuItem/index.ts;packages/mui-base/src/MenuItemUnstyled/useMenuItem.ts;packages/mui-base/src/MenuItemUnstyled/useMenuItem.types.ts;packages/mui-base/src/SelectUnstyled/defaultOptionStringifier.ts;packages/mui-base/src/useSelect/index.ts;packages/mui-base/src/SelectUnstyled/useSelect.ts;packages/mui-base/src/SelectUnstyled/useSelect.types.ts;packages/mui-base/src/useSlider/index.ts;packages/mui-base/src/SliderUnstyled/useSlider.ts;packages/mui-base/src/SliderUnstyled/useSlider.types.ts;packages/mui-base/src/useSwitch/index.ts;packages/mui-base/src/SwitchUnstyled/useSwitch.ts;packages/mui-base/src/SwitchUnstyled/useSwitch.types.ts;packages/mui-base/src/useTab/index.ts;packages/mui-base/src/TabUnstyled/useTab.ts;packages/mui-base/src/TabUnstyled/useTab.types.ts;packages/mui-base/src/useTabPanel/index.ts;packages/mui-base/src/TabPanelUnstyled/useTabPanel.ts;packages/mui-base/src/TabPanelUnstyled/useTabPanel.types.ts;packages/mui-base/src/useTabs/index.ts;packages/mui-base/src/TabsUnstyled/useTabs.ts;packages/mui-base/src/useTabsList/index.ts;packages/mui-base/src/TabsListUnstyled/useTabsList.ts;packages/mui-base/src/TabsListUnstyled/useTabsList.types.ts;packages/mui-joy/src/Button/Button.tsx;packages/mui-joy/src/Checkbox/Checkbox.tsx;packages/mui-joy/src/Checkbox/CheckboxProps.ts;packages/mui-joy/src/IconButton/IconButton.tsx;packages/mui-joy/src/Input/useForwardedInput.ts;packages/mui-joy/src/ListItemButton/ListItemButton.tsx;packages/mui-joy/src/Menu/Menu.tsx;packages/mui-joy/src/MenuItem/MenuItem.tsx;packages/mui-joy/src/MenuList/MenuList.tsx;packages/mui-joy/src/ModalClose/ModalClose.tsx;packages/mui-joy/src/Option/OptionProps.ts;packages/mui-joy/src/Radio/Radio.tsx;packages/mui-joy/src/Radio/RadioProps.ts;packages/mui-joy/src/Select/Select.tsx;packages/mui-joy/src/Select/SelectProps.ts;packages/mui-joy/src/Slider/Slider.tsx;packages/mui-joy/src/Switch/Switch.tsx;packages/mui-joy/src/Switch/SwitchProps.ts;packages/mui-joy/src/Tab/Tab.tsx;packages/mui-joy/src/TabList/TabList.tsx;packages/mui-joy/src/TabPanel/TabPanel.tsx;packages/mui-joy/src/Tabs/Tabs.tsx;packages/mui-material-next/src/Button/Button.js;packages/mui-material-next/src/Tab/Tab.js;packages/mui-material-next/src/Tabs/Tabs.js;packages/mui-material-next/src/Tabs/TabsList.js;packages/mui-material/src/useAutocomplete/useAutocomplete.d.ts;packages/mui-material/src/useAutocomplete/useAutocomplete.js
mui__material-ui-34380	ts	mui/material-ui	NA	1350aa87e9310059a15b5f3b6032775b61d62060	4	packages/mui-base/src/ClassNameConfigurator/ClassNameConfigurator.tsx;packages/mui-base/src/ClassNameConfigurator/index.ts;packages/mui-base/src/SwitchUnstyled/SwitchUnstyled.tsx;packages/mui-utils/src/composeClasses/composeClasses.ts
mui__material-ui-34337	ts	mui/material-ui	NA	b3548fabeab1980d3c5e5b85945550df95ee6b82	1	packages/mui-base/src/ButtonUnstyled/ButtonUnstyled.tsx
mui__material-ui-34258	ts	mui/material-ui	NA	552f04e24d617a7b1d5cd83eaf14e8c19395ac24	6	docs/pages/material-ui/api/button-base.json;packages/mui-material/src/ButtonBase/ButtonBase.js;packages/mui-material/src/ButtonBase/Ripple.js;packages/mui-material/src/ButtonBase/TouchRipple.d.ts;packages/mui-material/src/ButtonBase/TouchRipple.js;packages/mui-material/src/useTouchRipple/useTouchRipple.ts
mui__material-ui-34247	ts	mui/material-ui	NA	6006aa39784a81fdfa0eb96bd2001b3eb86bd829	1	packages/mui-material/src/Chip/Chip.js
mui__material-ui-34245	ts	mui/material-ui	NA	7e7435ad08ba02a0e1d8d8676a519b8ded634149	1	packages/mui-material/src/Fab/Fab.js
mui__material-ui-34229	ts	mui/material-ui	NA	fa62bf35e109ede215cb8cbae66ba4d6a30fef60	1	packages/mui-material/src/Select/SelectInput.js
mui__material-ui-34216	ts	mui/material-ui	NA	f2d6d61cc4d42b9b2ee9f5ea9ebf8aae192840d4	44	docs/data/base/components/trap-focus/BasicTrapFocus.js;docs/data/base/components/trap-focus/BasicTrapFocus.tsx;docs/data/base/components/trap-focus/BasicTrapFocus.tsx.preview;docs/data/base/components/trap-focus/ContainedToggleTrappedFocus.js;docs/data/base/components/trap-focus/ContainedToggleTrappedFocus.tsx;docs/data/base/components/trap-focus/ContainedToggleTrappedFocus.tsx.preview;docs/data/base/components/trap-focus/DisableEnforceFocus.js;docs/data/base/components/trap-focus/DisableEnforceFocus.tsx;docs/data/base/components/trap-focus/DisableEnforceFocus.tsx.preview;docs/data/base/components/trap-focus/LazyTrapFocus.tsx;docs/data/base/components/trap-focus/LazyTrapFocus.js;docs/data/base/components/trap-focus/LazyTrapFocus.tsx.preview;docs/data/base/components/trap-focus/PortalTrapFocus.js;docs/data/base/components/trap-focus/PortalTrapFocus.tsx;docs/data/base/components/trap-focus/trap-focus-pt.md;docs/data/base/components/trap-focus/trap-focus-zh.md;docs/data/base/components/trap-focus/trap-focus.md;docs/data/base/pages.ts;docs/data/base/pagesApi.js;docs/pages/base/api/trap-focus.js;docs/pages/base/api/trap-focus.json;docs/pages/base/react-trap-focus.js;docs/pages/blog/mui-core-v5.md;docs/public/_redirects;docs/scripts/buildApiUtils.ts;docs/src/modules/utils/replaceMarkdownLinks.ts;docs/translations/api-docs/trap-focus/trap-focus-zh.json;docs/translations/api-docs/trap-focus/trap-focus-pt.json;docs/translations/api-docs/trap-focus/trap-focus.json;docs/translations/translations-pt.json;docs/translations/translations.json;packages/mui-base/src/TrapFocus/TrapFocus.d.ts;packages/mui-base/src/TrapFocus/TrapFocus.js;packages/mui-base/src/FocusTrap/index.d.ts;packages/mui-base/src/FocusTrap/index.js;packages/mui-base/src/ModalUnstyled/ModalUnstyled.js;packages/mui-base/src/TrapFocus/index.d.ts;packages/mui-base/src/TrapFocus/index.js;packages/mui-base/src/index.d.ts;packages/mui-base/src/index.js;packages/mui-joy/src/Modal/Modal.tsx;packages/mui-material/src/Unstable_TrapFocus/index.d.ts;packages/mui-material/src/Unstable_TrapFocus/index.js;scripts/generateCodeowners.mjs
mui__material-ui-34207	ts	mui/material-ui	NA	1a4263a50af00eaffdca2e58b8ff16d62c4408a7	11	docs/data/material/components/checkboxes/CheckboxLabels.js;docs/data/material/components/checkboxes/CheckboxLabels.tsx;docs/data/material/components/checkboxes/CheckboxLabels.tsx.preview;docs/data/material/components/switches/SwitchLabels.js;docs/data/material/components/switches/SwitchLabels.tsx;docs/data/material/components/switches/SwitchLabels.tsx.preview;docs/pages/material-ui/api/form-control-label.json;docs/translations/api-docs/form-control-label/form-control-label.json;packages/mui-material/src/FormControlLabel/FormControlLabel.d.ts;packages/mui-material/src/FormControlLabel/FormControlLabel.js;packages/mui-material/src/FormControlLabel/formControlLabelClasses.ts
mui__material-ui-34159	ts	mui/material-ui	NA	43a929dda5a0776bcc05f4624a5648441d44c7b2	1	packages/mui-material/src/ListItemButton/ListItemButton.js
mui__material-ui-34158	ts	mui/material-ui	NA	d88ab9ebdc63157a7efcf582e65d4f6c58e5f576	20	docs/data/base/components/select/UnstyledSelectControlled.js;docs/data/base/components/select/UnstyledSelectControlled.tsx;docs/data/base/components/select/UnstyledSelectControlled.tsx.preview;docs/data/base/components/select/UnstyledSelectObjectValues.js;docs/data/base/components/select/UnstyledSelectObjectValues.tsx;docs/data/base/components/select/UnstyledSelectObjectValues.tsx.preview;docs/data/base/components/select/UnstyledSelectObjectValuesForm.js;docs/data/base/components/select/UnstyledSelectObjectValuesForm.tsx;docs/data/joy/components/select/SelectClearable.js;docs/data/joy/components/select/SelectFieldDemo.js;docs/data/joy/components/select/SelectUsage.js;packages/mui-base/src/ListboxUnstyled/useControllableReducer.ts;packages/mui-base/src/ListboxUnstyled/useListbox.ts;packages/mui-base/src/ListboxUnstyled/useListbox.types.ts;packages/mui-base/src/MultiSelectUnstyled/MultiSelectUnstyled.types.ts;packages/mui-base/src/SelectUnstyled/SelectUnstyled.types.ts;packages/mui-base/src/SelectUnstyled/useSelect.ts;packages/mui-base/src/SelectUnstyled/useSelect.types.ts;packages/mui-joy/src/Select/Select.spec.tsx;packages/mui-joy/src/Select/SelectProps.ts
mui__material-ui-34131	ts	mui/material-ui	NA	f2d6d61cc4d42b9b2ee9f5ea9ebf8aae192840d4	5	packages/mui-material/src/styles/CssVarsProvider.tsx;packages/mui-material/src/styles/excludeVariablesFromRoot.ts;packages/mui-system/src/cssVars/createCssVarsProvider.d.ts;packages/mui-system/src/cssVars/createCssVarsProvider.js;packages/mui-system/src/cssVars/cssVarsParser.ts
mui__material-ui-33957	ts	mui/material-ui	NA	8d6bae2e39b9c6e28caf49e0fb930ccfba4b711f	1	packages/mui-material/src/Autocomplete/Autocomplete.js
mui__material-ui-33934	ts	mui/material-ui	NA	2991f58b34601595e5907a597deacdf753ab35f1	1	packages/mui-material/src/Modal/Modal.js
mui__material-ui-33880	ts	mui/material-ui	NA	71a18fb6a9252e2200a0d576e66d55fbd81b85bd	1	packages/mui-material/src/ListItemText/ListItemText.js
mui__material-ui-33873	ts	mui/material-ui	NA	89c820ac86ca54d6d8b25309f9b43803e68903dc	2	packages/mui-base/src/InputUnstyled/InputUnstyled.tsx;packages/mui-base/src/InputUnstyled/InputUnstyled.types.ts
mui__material-ui-33863	ts	mui/material-ui	NA	9f7a2bfac55faed1b1c6c7b4b6d1b1659a076bab	10	docs/pages/material-ui/api/tab-scroll-button.json;docs/pages/material-ui/api/tabs.json;docs/translations/api-docs/tab-scroll-button/tab-scroll-button.json;docs/translations/api-docs/tabs/tabs.json;packages/mui-material/src/TabScrollButton/TabScrollButton.d.ts;packages/mui-material/src/TabScrollButton/TabScrollButton.js;packages/mui-material/src/TabScrollButton/TabScrollButton.spec.tsx;packages/mui-material/src/Tabs/Tabs.d.ts;packages/mui-material/src/Tabs/Tabs.js;packages/mui-material/src/Tabs/Tabs.spec.tsx
mui__material-ui-33820	ts	mui/material-ui	NA	91ad7e8afe2b43b61815c31830f8b1a553fc9e91	3	docs/pages/material-ui/api/icon-button.json;docs/translations/api-docs/icon-button/icon-button.json;packages/mui-material/src/IconButton/iconButtonClasses.ts
mui__material-ui-33812	ts	mui/material-ui	NA	e59262926c473fa1f6356f3ad150a9ca82e4ae0c	6	docs/pages/material-ui/api/breadcrumbs.json;docs/translations/api-docs/breadcrumbs/breadcrumbs.json;packages/mui-material/src/Breadcrumbs/BreadcrumbCollapsed.js;packages/mui-material/src/Breadcrumbs/Breadcrumbs.d.ts;packages/mui-material/src/Breadcrumbs/Breadcrumbs.js;packages/mui-material/src/Breadcrumbs/Breadcrumbs.spec.tsx
mui__material-ui-33801	ts	mui/material-ui	NA	2991f58b34601595e5907a597deacdf753ab35f1	3	docs/pages/material-ui/api/chip.json;docs/translations/api-docs/chip/chip.json;packages/mui-material/src/Chip/chipClasses.ts
mui__material-ui-33797	ts	mui/material-ui	NA	30484b8d93b8255a2617d7af134653f4d29bcd4b	7	docs/pages/material-ui/api/table-pagination.json;docs/translations/api-docs/table-pagination/table-pagination.json;packages/mui-material/src/TablePagination/TablePagination.d.ts;packages/mui-material/src/TablePagination/TablePagination.js;packages/mui-material/src/TablePagination/TablePagination.spec.tsx;packages/mui-material/src/TablePagination/TablePaginationActions.d.ts;packages/mui-material/src/TablePagination/TablePaginationActions.js
mui__material-ui-33777	ts	mui/material-ui	NA	812876d87be3ceeed0122b60e7003518b8ac6ea2	2	docs/data/material/customization/density/DensityTool.js;packages/mui-material/src/Grid/Grid.js
mui__material-ui-33692	ts	mui/material-ui	NA	6a96f9ca2297c1293cf1c5b96cb0de255d2f4a8a	1	packages/mui-codemod/src/v5.0.0/variant-prop.js
mui__material-ui-33691	ts	mui/material-ui	NA	1f403c091384cee51c6f4761180666985b5e34c4	1	packages/mui-codemod/src/v5.0.0/theme-spacing.js
mui__material-ui-33582	ts	mui/material-ui	NA	b2e1f01ef7d2433c92829dffd30e4ba484bd3d4f	4	docs/pages/material-ui/api/alert.json;docs/translations/api-docs/alert/alert.json;packages/mui-material/src/Alert/Alert.d.ts;packages/mui-material/src/Alert/Alert.js
mui__material-ui-33415	ts	mui/material-ui	NA	dcb9db30a14bb64453c0278bfb9a35263702e2d2	10	docs/data/system/components/grid/OffsetGrid.js;docs/data/system/components/grid/OffsetGrid.tsx;docs/data/system/components/grid/OffsetGrid.tsx.preview;docs/data/system/components/grid/grid.md;docs/pages/system/api/grid.json;docs/translations/api-docs/grid/grid.json;packages/mui-system/src/Grid/Grid.tsx;packages/mui-system/src/Grid/GridProps.ts;packages/mui-system/src/Grid/createGrid.tsx;packages/mui-system/src/Grid/gridGenerator.ts
mui__material-ui-33312	ts	mui/material-ui	NA	03b616a1e015ff6ccfb665c5156e1b5359d2a6f1	9	docs/pages/base/api/use-autocomplete.json;docs/pages/material-ui/api/autocomplete.json;docs/translations/api-docs/autocomplete/autocomplete.json;docs/translations/api-docs/use-autocomplete/use-autocomplete.json;packages/mui-base/src/useAutocomplete/useAutocomplete.d.ts;packages/mui-base/src/useAutocomplete/useAutocomplete.js;packages/mui-material/src/Autocomplete/Autocomplete.d.ts;packages/mui-material/src/Autocomplete/Autocomplete.js;packages/mui-material/src/Autocomplete/autocompleteClasses.ts
mui__material-ui-33283	ts	mui/material-ui	NA	72e64c6c363e9f4f9faf7808e72527e584024549	4	docs/pages/material-ui/api/autocomplete.json;packages/mui-material/src/Autocomplete/Autocomplete.d.ts;packages/mui-material/src/Autocomplete/Autocomplete.js;packages/mui-material/src/Autocomplete/Autocomplete.spec.tsx
mui__material-ui-33145	ts	mui/material-ui	NA	dba967d2e24475711b5fe870bc9d8083a1485252	1	packages/mui-base/src/ListboxUnstyled/useListbox.ts
mui__material-ui-33040	ts	mui/material-ui	NA	d05dfcf2a8602874052e9fe9f79566afad05956f	6	docs/pages/material-ui/api/button.json;docs/pages/material-ui/api/loading-button.json;docs/translations/api-docs/button/button.json;docs/translations/api-docs/loading-button/loading-button.json;packages/mui-material/src/Button/buttonClasses.ts;packages/mui-material/src/styles/createTheme.spec.ts
mui__material-ui-32987	ts	mui/material-ui	NA	67186bfbce12163569f9e5a9c94d7ff2dd33f6fd	1	packages/mui-material/src/Dialog/Dialog.js
mui__material-ui-32962	ts	mui/material-ui	NA	93b0aba905b3b6947f58a02d911489bb737ee880	1	packages/mui-codemod/src/v5.0.0/jss-to-tss-react.js
mui__material-ui-32746	ts	mui/material-ui	NA	7cb56d2cef3f4e5e4f39214661da951c26eba9da	64	.eslintrc.js;benchmark/browser/README.md;benchmark/browser/scenarios/grid-material-ui/index.js;benchmark/browser/scenarios/grid-simple/index.js;benchmark/browser/scenarios/grid-system/index.js;benchmark/browser/scripts/benchmark.js;docs/data/system/components/grid/AutoGrid.js;docs/data/system/components/grid/AutoGrid.tsx;docs/data/system/components/grid/AutoGrid.tsx.preview;docs/data/system/components/grid/AutoGridNoWrap.js;docs/data/system/components/grid/AutoGridNoWrap.tsx;docs/data/system/components/grid/BasicGrid.js;docs/data/system/components/grid/BasicGrid.tsx;docs/data/system/components/grid/BasicGrid.tsx.preview;docs/data/system/components/grid/ColumnsGrid.js;docs/data/system/components/grid/ColumnsGrid.tsx;docs/data/system/components/grid/ColumnsGrid.tsx.preview;docs/data/system/components/grid/CustomBreakpointsGrid.js;docs/data/system/components/grid/FullWidthGrid.js;docs/data/system/components/grid/FullWidthGrid.tsx;docs/data/system/components/grid/FullWidthGrid.tsx.preview;docs/data/system/components/grid/NestedGrid.js;docs/data/system/components/grid/NestedGrid.tsx;docs/data/system/components/grid/ResponsiveGrid.js;docs/data/system/components/grid/ResponsiveGrid.tsx;docs/data/system/components/grid/ResponsiveGrid.tsx.preview;docs/data/system/components/grid/RowAndColumnSpacing.js;docs/data/system/components/grid/RowAndColumnSpacing.tsx;docs/data/system/components/grid/RowAndColumnSpacing.tsx.preview;docs/data/system/components/grid/SpacingGrid.js;docs/data/system/components/grid/SpacingGrid.tsx;docs/data/system/components/grid/VariableWidthGrid.js;docs/data/system/components/grid/VariableWidthGrid.tsx;docs/data/system/components/grid/VariableWidthGrid.tsx.preview;docs/data/system/components/grid/grid.md;docs/data/system/pages.ts;docs/data/system/pagesApi.js;docs/pages/system/api/grid.js;docs/pages/system/api/grid.json;docs/pages/system/react-grid.js;docs/scripts/ApiBuilders/ComponentApiBuilder.ts;docs/scripts/buildApiUtils.ts;docs/src/modules/components/DemoToolbar.js;docs/translations/api-docs/grid/grid.json;docs/translations/translations.json;packages/mui-joy/src/Grid/Grid.tsx;packages/mui-joy/src/Grid/GridProps.ts;packages/mui-joy/src/Grid/gridClasses.ts;packages/mui-joy/src/Grid/index.ts;packages/mui-joy/src/index.ts;packages/mui-joy/src/styles/components.d.ts;packages/mui-joy/src/styles/index.ts;packages/mui-system/package.json;packages/mui-system/src/Grid/Grid.tsx;packages/mui-system/src/Grid/GridProps.ts;packages/mui-system/src/Grid/createGrid.tsx;packages/mui-system/src/Grid/gridClasses.ts;packages/mui-system/src/Grid/gridGenerator.ts;packages/mui-system/src/Grid/index.ts;packages/mui-system/src/grid.js;packages/mui-system/src/getThemeValue.js;packages/mui-system/src/index.js;packages/typescript-to-proptypes/src/injector.ts;tsconfig.json
mui__material-ui-32713	ts	mui/material-ui	NA	8a86d1e375943d33ddb4a19f272e8432ba1fa5c3	1	packages/mui-material/src/styles/createMixins.js
mui__material-ui-32626	ts	mui/material-ui	NA	414c2ad63dd766587ca1ae786fdf0b879976a242	1	packages/mui-base/src/AutocompleteUnstyled/useAutocomplete.js
mui__material-ui-32401	ts	mui/material-ui	NA	88db09044175734bb9f5e0fac2868e7a3ea6d485	2	docs/data/base/components/input/input.md;packages/mui-base/src/InputUnstyled/InputUnstyled.tsx
mui__material-ui-32185	ts	mui/material-ui	NA	c406cd6f89dcab6a223dbe77d833bc947ff64fdb	4	packages/mui-base/src/BadgeUnstyled/BadgeUnstyled.js;packages/mui-base/src/BadgeUnstyled/badgeUnstyledClasses.ts;packages/mui-base/src/BadgeUnstyled/index.js;packages/mui-material/src/Badge/Badge.js
mui__material-ui-32182	ts	mui/material-ui	NA	c406cd6f89dcab6a223dbe77d833bc947ff64fdb	1	packages/mui-material/src/Link/Link.js
mui__material-ui-31998	ts	mui/material-ui	NA	5b53f5efe691a76630e479245e5be0f91371f691	3	packages/mui-material/src/Grid/Grid.d.ts;packages/mui-material/src/Grid/Grid.js;packages/mui-types/index.d.ts
mui__material-ui-31313	ts	mui/material-ui	NA	ed32fe693fb46196d9faa8073387f16e2350fbdf	1	packages/mui-base/src/AutocompleteUnstyled/useAutocomplete.js
mui__material-ui-31172	ts	mui/material-ui	NA	ba0529496c52152b65b951a0ff09433260fea917	40	docs/data/material/components/selects/UnstyledSelectControlled.js;docs/data/material/components/selects/UnstyledSelectCustomRenderValue.js;docs/data/material/components/selects/UnstyledSelectGrouping.js;docs/data/material/components/selects/UnstyledSelectMultiple.js;docs/data/material/components/selects/UnstyledSelectObjectValues.js;docs/data/material/components/selects/UnstyledSelectRichOptions.js;docs/pages/api-docs/button-unstyled.json;docs/pages/base/api/button-unstyled.json;docs/translations/api-docs/button-unstyled/button-unstyled.json;packages/mui-base/src/ButtonUnstyled/ButtonUnstyled.spec.tsx;packages/mui-base/src/ButtonUnstyled/ButtonUnstyled.tsx;packages/mui-base/src/ButtonUnstyled/ButtonUnstyledProps.ts;packages/mui-base/src/ButtonUnstyled/UseButtonProps.ts;packages/mui-base/src/ButtonUnstyled/index.ts;packages/mui-base/src/ButtonUnstyled/useButton.ts;packages/mui-base/src/ButtonUnstyled/useButton.types.ts;packages/mui-base/src/InputUnstyled/InputUnstyled.tsx;packages/mui-base/src/ListboxUnstyled/defaultListboxReducer.ts;packages/mui-base/src/ListboxUnstyled/index.ts;packages/mui-base/src/ListboxUnstyled/useControllableReducer.ts;packages/mui-base/src/ListboxUnstyled/useListbox.ts;packages/mui-base/src/ListboxUnstyled/types.ts;packages/mui-base/src/MultiSelectUnstyled/MultiSelectUnstyled.tsx;packages/mui-base/src/MultiSelectUnstyled/MultiSelectUnstyled.types.ts;packages/mui-base/src/MultiSelectUnstyled/MultiSelectUnstyledProps.ts;packages/mui-base/src/MultiSelectUnstyled/index.ts;packages/mui-base/src/SelectUnstyled/SelectUnstyled.spec.tsx;packages/mui-base/src/SelectUnstyled/SelectUnstyled.tsx;packages/mui-base/src/SelectUnstyled/SelectUnstyledProps.ts;packages/mui-base/src/SelectUnstyled/SelectUnstyledContext.ts;packages/mui-base/src/SelectUnstyled/index.ts;packages/mui-base/src/SelectUnstyled/useSelect.ts;packages/mui-base/src/SelectUnstyled/useSelect.types.ts;packages/mui-base/src/SelectUnstyled/useSelectProps.ts;packages/mui-base/src/SelectUnstyled/utils.tsx;packages/mui-base/src/TablePaginationUnstyled/TablePaginationUnstyled.tsx;packages/mui-base/src/utils/appendOwnerState.ts;packages/mui-base/src/utils/extractEventHandlers.ts;packages/mui-base/src/utils/index.ts;packages/mui-base/src/utils/types.ts
mui__material-ui-30899	ts	mui/material-ui	NA	171942ce6e9f242900928620610a794daf8e559c	4	packages/mui-base/src/BadgeUnstyled/BadgeUnstyled.js;packages/mui-base/src/BadgeUnstyled/BadgeUnstyledProps.ts;packages/mui-base/src/BadgeUnstyled/useBadge.ts;packages/mui-material/src/Badge/Badge.js
mui__material-ui-30788	ts	mui/material-ui	NA	e47f22b9ea22bb61b10b6bbd0789781a779eb529	1	packages/mui-material/src/Select/Select.js
mui__material-ui-30561	ts	mui/material-ui	NA	88aa00a1665d1c6bb642392d104c9188ee830799	1	packages/mui-lab/src/internal/pickers/PureDateInput.tsx
mui__material-ui-30524	ts	mui/material-ui	NA	bbedbf79e07c32613ddcafee651ac3d501a82ff0	22	docs/src/pages/customization/theme-components/GlobalThemeOverrideCallback.js;docs/src/pages/customization/theme-components/GlobalThemeOverrideCallback.tsx;docs/src/pages/customization/theme-components/GlobalThemeOverrideSx.js;docs/src/pages/customization/theme-components/GlobalThemeOverrideSx.tsx;docs/src/pages/customization/theme-components/GlobalThemeOverrideSx.tsx.preview;docs/src/pages/customization/theme-components/theme-components.md;packages/mui-joy/src/Button/Button.tsx;packages/mui-joy/src/Button/ButtonProps.ts;packages/mui-joy/src/SvgIcon/SvgIcon.tsx;packages/mui-joy/src/SvgIcon/SvgIconProps.ts;packages/mui-joy/src/Switch/SwitchProps.ts;packages/mui-joy/src/Typography/Typography.tsx;packages/mui-joy/src/Typography/TypographyProps.ts;packages/mui-joy/src/styles/CssVarsProvider.tsx;packages/mui-joy/src/styles/components.d.ts;packages/mui-lab/src/themeAugmentation/components.d.ts;packages/mui-material/src/styles/components.d.ts;packages/mui-material/src/styles/createTheme.d.ts;packages/mui-material/src/styles/overrides.d.ts;packages/mui-material/src/styles/styled.spec.tsx;packages/mui-material/src/styles/useThemeProps.d.ts;packages/mui-system/src/createStyled.js
mui__material-ui-30515	ts	mui/material-ui	NA	6b618938c28cc63728ae3d897d06c87a3c9736d3	4	docs/pages/api-docs/autocomplete.json;packages/mui-material/src/Autocomplete/Autocomplete.d.ts;packages/mui-material/src/Autocomplete/Autocomplete.js;packages/mui-material/src/Autocomplete/Autocomplete.spec.tsx
mui__material-ui-30374	ts	mui/material-ui	NA	f22b27378ee98df1d8b300b1f6d639cdbb2c4929	1	packages/mui-base/src/AutocompleteUnstyled/useAutocomplete.js
mui__material-ui-30345	ts	mui/material-ui	NA	7767fb8f46abbe56f652bc59ed9637a8a1af9634	4	docs/src/modules/components/AppSearch.js;docs/src/modules/utils/i18n.js;docs/src/modules/utils/replaceMarkdownLinks.ts;docs/src/modules/utils/replaceUrl.ts
mui__material-ui-30333	ts	mui/material-ui	NA	e47f22b9ea22bb61b10b6bbd0789781a779eb529	1	packages/mui-material/src/Grid/Grid.js
mui__material-ui-30126	ts	mui/material-ui	NA	da1fdb481c234a53f6b1544d3c3f6d354a00330a	3	docs/pages/api-docs/loading-button.json;docs/translations/api-docs/loading-button/loading-button.json;packages/mui-lab/src/LoadingButton/LoadingButton.js
mui__material-ui-30118	ts	mui/material-ui	NA	1dce3aadadfe4956bd0f265f816740d0a5d2b4b0	3	packages/mui-material/src/Popper/Popper.tsx;packages/mui-material/src/styles/components.d.ts;packages/mui-material/src/styles/props.d.ts
mui__material-ui-29988	ts	mui/material-ui	NA	4c44bedf531708518db2d9b0d9a42b379108fb5a	2	packages/mui-system/package.json;packages/mui-system/src/createStyled.js
mui__material-ui-29954	ts	mui/material-ui	NA	145a5ecbfce78ebe5c94a19417da82da01d1b28a	5	docs/pages/api-docs/svg-icon.json;docs/src/pages/components/icons/icons.md;docs/translations/api-docs/svg-icon/svg-icon.json;packages/mui-material/src/SvgIcon/SvgIcon.d.ts;packages/mui-material/src/SvgIcon/SvgIcon.js
mui__material-ui-29902	ts	mui/material-ui	NA	e4618dc8abd01a9214a2b6faafdadae3d5f54d20	2	packages/mui-codemod/src/util/propsToObject.js;packages/mui-codemod/src/v5.0.0/box-sx-prop.js
mui__material-ui-29901	ts	mui/material-ui	NA	e4618dc8abd01a9214a2b6faafdadae3d5f54d20	12	docs/scripts/buildApi.ts;packages/mui-base/src/generateUtilityClass/ClassNameGenerator.ts;packages/mui-base/src/generateUtilityClass/ClassNameGenerator.tsx;packages/mui-base/src/generateUtilityClass/generateUtilityClass.ts;packages/mui-base/src/index.d.ts;packages/mui-base/src/index.js;packages/mui-material/src/ListItem/ListItem.js;packages/mui-material/src/ListItem/listItemClasses.ts;packages/mui-material/src/ListItemButton/ListItemButton.js;packages/mui-material/src/ListItemButton/listItemButtonClasses.ts;packages/mui-material/src/utils/index.d.ts;packages/mui-material/src/utils/index.js
mui__material-ui-29898	ts	mui/material-ui	NA	38ac830eedf60a2a40983d71cb4dd64e8f1abf4e	8	docs/pages/api-docs/avatar-group.json;docs/src/pages/components/avatars/TotalAvatars.js;docs/src/pages/components/avatars/TotalAvatars.tsx;docs/src/pages/components/avatars/TotalAvatars.tsx.preview;docs/src/pages/components/avatars/avatars.md;docs/translations/api-docs/avatar-group/avatar-group.json;packages/mui-material/src/AvatarGroup/AvatarGroup.d.ts;packages/mui-material/src/AvatarGroup/AvatarGroup.js
mui__material-ui-29880	ts	mui/material-ui	NA	0d94283959a3aa016881b9644767b937c34d2807	1	packages/mui-material/src/Grid/Grid.js
mui__material-ui-29824	ts	mui/material-ui	NA	b714f102d190358ab543e425de84325f81b6083a	1	packages/mui-codemod/src/v5.0.0/jss-to-styled.js
mui__material-ui-29756	ts	mui/material-ui	NA	259952855e31dfde8c9daa3d7d00f6d88e35f27b	3	packages/mui-system/src/breakpoints.js;packages/mui-system/src/styleFunctionSx/styleFunctionSx.js;packages/mui-system/src/styleFunctionSx/styleFunctionSx.spec.tsx
mui__material-ui-29613	ts	mui/material-ui	NA	aac3631f8fdf5a404dff6d71365fd509f70fa847	1	packages/mui-material/src/Button/Button.js
mui__material-ui-29579	ts	mui/material-ui	NA	c3fc8b881aee6c0ca85718550e7d60a4c2b9d1c1	4	docs/pages/api-docs/table-pagination.json;packages/mui-material/src/TablePagination/TablePagination.d.ts;packages/mui-material/src/TablePagination/TablePagination.js;packages/mui-material/src/locale/index.ts
mui__material-ui-29488	ts	mui/material-ui	NA	0500cab4f0491a5e89648ce03e9dc5a769b76e21	25	docs/pages/api-docs/popper-unstyled.js;docs/pages/api-docs/popper-unstyled.json;docs/pages/api-docs/popper.json;docs/scripts/helpers.js;docs/src/pages/components/popper/popper.md;docs/src/pagesApi.js;docs/translations/api-docs/popper-unstyled/popper-unstyled-pt.json;docs/translations/api-docs/popper-unstyled/popper-unstyled-zh.json;docs/translations/api-docs/popper-unstyled/popper-unstyled.json;docs/translations/api-docs/popper/popper-pt.json;docs/translations/api-docs/popper/popper-zh.json;docs/translations/api-docs/popper/popper.json;packages/mui-base/src/Popper/index.d.ts;packages/mui-base/src/Popper/index.js;packages/mui-base/src/Popper/Popper.d.ts;packages/mui-base/src/Popper/Popper.js;packages/mui-base/src/PopperUnstyled/index.d.ts;packages/mui-base/src/PopperUnstyled/index.js;packages/mui-base/src/index.d.ts;packages/mui-base/src/index.js;packages/mui-base/src/Popper/Popper.spec.tsx;packages/mui-material/src/Popper/Popper.tsx;packages/mui-material/src/Popper/index.d.ts;packages/mui-material/src/Popper/index.js;packages/mui-material/src/Tooltip/Tooltip.d.ts
mui__material-ui-29317	ts	mui/material-ui	NA	b6cdaaf1a7f60de9ed66a491b7477fad19429905	3	docs/src/pages/customization/breakpoints/breakpoints.md;packages/mui-system/src/createTheme/createBreakpoints.d.ts;packages/mui-system/src/createTheme/createBreakpoints.js
mui__material-ui-29297	ts	mui/material-ui	NA	2aa74087777bc3a7213c25b1f55836c43b3b3492	292	docs/pages/api-docs/accordion-actions.json;docs/pages/api-docs/accordion-details.json;docs/pages/api-docs/accordion-summary.json;docs/pages/api-docs/accordion.json;docs/pages/api-docs/alert-title.json;docs/pages/api-docs/alert.json;docs/pages/api-docs/app-bar.json;docs/pages/api-docs/autocomplete.json;docs/pages/api-docs/avatar-group.json;docs/pages/api-docs/avatar.json;docs/pages/api-docs/backdrop.json;docs/pages/api-docs/badge.json;docs/pages/api-docs/bottom-navigation-action.json;docs/pages/api-docs/bottom-navigation.json;docs/pages/api-docs/breadcrumbs.json;docs/pages/api-docs/button-base.json;docs/pages/api-docs/button-group.json;docs/pages/api-docs/button.json;docs/pages/api-docs/calendar-picker-skeleton.json;docs/pages/api-docs/card-action-area.json;docs/pages/api-docs/card-actions.json;docs/pages/api-docs/card-content.json;docs/pages/api-docs/card-header.json;docs/pages/api-docs/card-media.json;docs/pages/api-docs/card.json;docs/pages/api-docs/checkbox.json;docs/pages/api-docs/chip.json;docs/pages/api-docs/circular-progress.json;docs/pages/api-docs/collapse.json;docs/pages/api-docs/container.json;docs/pages/api-docs/date-range-picker-day.json;docs/pages/api-docs/dialog-actions.json;docs/pages/api-docs/dialog-content-text.json;docs/pages/api-docs/dialog-content.json;docs/pages/api-docs/dialog-title.json;docs/pages/api-docs/dialog.json;docs/pages/api-docs/divider.json;docs/pages/api-docs/drawer.json;docs/pages/api-docs/fab.json;docs/pages/api-docs/filled-input.json;docs/pages/api-docs/form-control-label.json;docs/pages/api-docs/form-control.json;docs/pages/api-docs/form-group.json;docs/pages/api-docs/form-helper-text.json;docs/pages/api-docs/form-label.json;docs/pages/api-docs/grid.json;docs/pages/api-docs/icon-button.json;docs/pages/api-docs/icon.json;docs/pages/api-docs/image-list-item-bar.json;docs/pages/api-docs/image-list-item.json;docs/pages/api-docs/image-list.json;docs/pages/api-docs/input-adornment.json;docs/pages/api-docs/input-base.json;docs/pages/api-docs/input-label.json;docs/pages/api-docs/input.json;docs/pages/api-docs/linear-progress.json;docs/pages/api-docs/link.json;docs/pages/api-docs/list-item-avatar.json;docs/pages/api-docs/list-item-button.json;docs/pages/api-docs/list-item-icon.json;docs/pages/api-docs/list-item-secondary-action.json;docs/pages/api-docs/list-item-text.json;docs/pages/api-docs/list-item.json;docs/pages/api-docs/list-subheader.json;docs/pages/api-docs/list.json;docs/pages/api-docs/loading-button.json;docs/pages/api-docs/masonry.json;docs/pages/api-docs/menu-item.json;docs/pages/api-docs/menu.json;docs/pages/api-docs/mobile-stepper.json;docs/pages/api-docs/modal.json;docs/pages/api-docs/month-picker.json;docs/pages/api-docs/native-select.json;docs/pages/api-docs/outlined-input.json;docs/pages/api-docs/pagination-item.json;docs/pages/api-docs/pagination.json;docs/pages/api-docs/paper.json;docs/pages/api-docs/pickers-day.json;docs/pages/api-docs/popover.json;docs/pages/api-docs/radio.json;docs/pages/api-docs/rating.json;docs/pages/api-docs/select.json;docs/pages/api-docs/skeleton.json;docs/pages/api-docs/slider.json;docs/pages/api-docs/snackbar-content.json;docs/pages/api-docs/snackbar.json;docs/pages/api-docs/speed-dial-action.json;docs/pages/api-docs/speed-dial-icon.json;docs/pages/api-docs/speed-dial.json;docs/pages/api-docs/stack.json;docs/pages/api-docs/step-button.json;docs/pages/api-docs/step-connector.json;docs/pages/api-docs/step-content.json;docs/pages/api-docs/step-icon.json;docs/pages/api-docs/step-label.json;docs/pages/api-docs/step.json;docs/pages/api-docs/stepper.json;docs/pages/api-docs/svg-icon.json;docs/pages/api-docs/switch.json;docs/pages/api-docs/tab-panel.json;docs/pages/api-docs/tab-scroll-button.json;docs/pages/api-docs/tab.json;docs/pages/api-docs/table-body.json;docs/pages/api-docs/table-cell.json;docs/pages/api-docs/table-container.json;docs/pages/api-docs/table-footer.json;docs/pages/api-docs/table-head.json;docs/pages/api-docs/table-pagination.json;docs/pages/api-docs/table-row.json;docs/pages/api-docs/table-sort-label.json;docs/pages/api-docs/table.json;docs/pages/api-docs/tabs.json;docs/pages/api-docs/text-field.json;docs/pages/api-docs/timeline-connector.json;docs/pages/api-docs/timeline-content.json;docs/pages/api-docs/timeline-dot.json;docs/pages/api-docs/timeline-item.json;docs/pages/api-docs/timeline-opposite-content.json;docs/pages/api-docs/timeline-separator.json;docs/pages/api-docs/timeline.json;docs/pages/api-docs/toggle-button-group.json;docs/pages/api-docs/toggle-button.json;docs/pages/api-docs/toolbar.json;docs/pages/api-docs/tooltip.json;docs/pages/api-docs/tree-item.json;docs/pages/api-docs/tree-view.json;docs/pages/api-docs/typography.json;docs/src/pages/components/transitions/SimpleCollapse.js;docs/src/pages/components/transitions/SimpleCollapse.tsx;docs/src/pages/components/transitions/SimpleFade.js;docs/src/pages/components/transitions/SimpleFade.tsx;docs/src/pages/components/transitions/SimpleGrow.js;docs/src/pages/components/transitions/SimpleGrow.tsx;docs/src/pages/components/transitions/SimpleSlide.js;docs/src/pages/components/transitions/SimpleSlide.tsx;docs/src/pages/components/transitions/SimpleZoom.js;docs/src/pages/components/transitions/SimpleZoom.tsx;docs/src/pages/components/transitions/SlideFromContainer.js;docs/src/pages/components/transitions/SlideFromContainer.tsx;docs/src/pages/premium-themes/onepirate/modules/views/ProductHeroLayout.js;docs/src/pages/system/flexbox/AlignContent.js;docs/src/pages/system/flexbox/AlignItems.js;docs/src/pages/system/flexbox/AlignSelf.js;docs/src/pages/system/flexbox/FlexDirection.js;docs/src/pages/system/flexbox/FlexGrow.js;docs/src/pages/system/flexbox/FlexShrink.js;docs/src/pages/system/flexbox/FlexWrap.js;docs/src/pages/system/flexbox/JustifyContent.js;docs/src/pages/system/flexbox/Order.js;docs/src/pages/system/grid/Gap.js;docs/src/pages/system/grid/GridAutoColumns.js;docs/src/pages/system/grid/GridAutoFlow.js;docs/src/pages/system/grid/GridAutoRows.js;docs/src/pages/system/grid/GridTemplateColumns.js;docs/src/pages/system/grid/GridTemplateRows.js;docs/src/pages/system/grid/RowAndColumnGap.js;docs/src/pages/system/the-sx-prop/the-sx-prop.md;packages/mui-lab/src/CalendarPickerSkeleton/CalendarPickerSkeleton.tsx;packages/mui-lab/src/DateRangePickerDay/DateRangePickerDay.tsx;packages/mui-lab/src/LoadingButton/LoadingButton.js;packages/mui-lab/src/Masonry/Masonry.js;packages/mui-lab/src/MonthPicker/MonthPicker.tsx;packages/mui-lab/src/PickersDay/PickersDay.tsx;packages/mui-lab/src/TabPanel/TabPanel.js;packages/mui-lab/src/Timeline/Timeline.tsx;packages/mui-lab/src/TimelineConnector/TimelineConnector.js;packages/mui-lab/src/TimelineContent/TimelineContent.js;packages/mui-lab/src/TimelineDot/TimelineDot.js;packages/mui-lab/src/TimelineItem/TimelineItem.js;packages/mui-lab/src/TimelineOppositeContent/TimelineOppositeContent.js;packages/mui-lab/src/TimelineSeparator/TimelineSeparator.js;packages/mui-lab/src/TreeItem/TreeItem.js;packages/mui-lab/src/TreeView/TreeView.js;packages/mui-material-next/src/Button/Button.js;packages/mui-material-next/src/Input/Input.js;packages/mui-material/src/Accordion/Accordion.js;packages/mui-material/src/AccordionActions/AccordionActions.js;packages/mui-material/src/AccordionDetails/AccordionDetails.js;packages/mui-material/src/AccordionSummary/AccordionSummary.js;packages/mui-material/src/Alert/Alert.js;packages/mui-material/src/AlertTitle/AlertTitle.js;packages/mui-material/src/AppBar/AppBar.js;packages/mui-material/src/Autocomplete/Autocomplete.js;packages/mui-material/src/Avatar/Avatar.js;packages/mui-material/src/AvatarGroup/AvatarGroup.js;packages/mui-material/src/Backdrop/Backdrop.js;packages/mui-material/src/Badge/Badge.js;packages/mui-material/src/BottomNavigation/BottomNavigation.js;packages/mui-material/src/BottomNavigationAction/BottomNavigationAction.js;packages/mui-material/src/Breadcrumbs/Breadcrumbs.js;packages/mui-material/src/Button/Button.js;packages/mui-material/src/ButtonBase/ButtonBase.js;packages/mui-material/src/ButtonGroup/ButtonGroup.js;packages/mui-material/src/Card/Card.js;packages/mui-material/src/CardActionArea/CardActionArea.js;packages/mui-material/src/CardActions/CardActions.js;packages/mui-material/src/CardContent/CardContent.js;packages/mui-material/src/CardHeader/CardHeader.js;packages/mui-material/src/CardMedia/CardMedia.js;packages/mui-material/src/Checkbox/Checkbox.js;packages/mui-material/src/Chip/Chip.js;packages/mui-material/src/CircularProgress/CircularProgress.js;packages/mui-material/src/Collapse/Collapse.js;packages/mui-material/src/Container/Container.js;packages/mui-material/src/Dialog/Dialog.js;packages/mui-material/src/DialogActions/DialogActions.js;packages/mui-material/src/DialogContent/DialogContent.js;packages/mui-material/src/DialogContentText/DialogContentText.js;packages/mui-material/src/DialogTitle/DialogTitle.js;packages/mui-material/src/Divider/Divider.js;packages/mui-material/src/Drawer/Drawer.js;packages/mui-material/src/Fab/Fab.js;packages/mui-material/src/FilledInput/FilledInput.js;packages/mui-material/src/FormControl/FormControl.js;packages/mui-material/src/FormControlLabel/FormControlLabel.js;packages/mui-material/src/FormGroup/FormGroup.js;packages/mui-material/src/FormHelperText/FormHelperText.js;packages/mui-material/src/FormLabel/FormLabel.js;packages/mui-material/src/Grid/Grid.js;packages/mui-material/src/Icon/Icon.js;packages/mui-material/src/IconButton/IconButton.js;packages/mui-material/src/ImageList/ImageList.js;packages/mui-material/src/ImageListItem/ImageListItem.js;packages/mui-material/src/ImageListItemBar/ImageListItemBar.js;packages/mui-material/src/Input/Input.js;packages/mui-material/src/InputAdornment/InputAdornment.js;packages/mui-material/src/InputBase/InputBase.js;packages/mui-material/src/InputLabel/InputLabel.js;packages/mui-material/src/LinearProgress/LinearProgress.js;packages/mui-material/src/Link/Link.js;packages/mui-material/src/List/List.js;packages/mui-material/src/ListItem/ListItem.js;packages/mui-material/src/ListItemAvatar/ListItemAvatar.js;packages/mui-material/src/ListItemButton/ListItemButton.js;packages/mui-material/src/ListItemIcon/ListItemIcon.js;packages/mui-material/src/ListItemSecondaryAction/ListItemSecondaryAction.js;packages/mui-material/src/ListItemText/ListItemText.js;packages/mui-material/src/ListSubheader/ListSubheader.js;packages/mui-material/src/Menu/Menu.js;packages/mui-material/src/MenuItem/MenuItem.js;packages/mui-material/src/MobileStepper/MobileStepper.js;packages/mui-material/src/Modal/Modal.js;packages/mui-material/src/NativeSelect/NativeSelect.js;packages/mui-material/src/OutlinedInput/OutlinedInput.js;packages/mui-material/src/Pagination/Pagination.js;packages/mui-material/src/PaginationItem/PaginationItem.js;packages/mui-material/src/Paper/Paper.js;packages/mui-material/src/Popover/Popover.js;packages/mui-material/src/Radio/Radio.js;packages/mui-material/src/Rating/Rating.js;packages/mui-material/src/Select/Select.js;packages/mui-material/src/Skeleton/Skeleton.js;packages/mui-material/src/Slider/Slider.js;packages/mui-material/src/Snackbar/Snackbar.js;packages/mui-material/src/SnackbarContent/SnackbarContent.js;packages/mui-material/src/SpeedDial/SpeedDial.js;packages/mui-material/src/SpeedDialAction/SpeedDialAction.js;packages/mui-material/src/SpeedDialIcon/SpeedDialIcon.js;packages/mui-material/src/Stack/Stack.js;packages/mui-material/src/Step/Step.js;packages/mui-material/src/StepButton/StepButton.js;packages/mui-material/src/StepConnector/StepConnector.js;packages/mui-material/src/StepContent/StepContent.js;packages/mui-material/src/StepIcon/StepIcon.js;packages/mui-material/src/StepLabel/StepLabel.js;packages/mui-material/src/Stepper/Stepper.js;packages/mui-material/src/SvgIcon/SvgIcon.js;packages/mui-material/src/Switch/Switch.js;packages/mui-material/src/Tab/Tab.js;packages/mui-material/src/TabScrollButton/TabScrollButton.js;packages/mui-material/src/Table/Table.js;packages/mui-material/src/TableBody/TableBody.js;packages/mui-material/src/TableCell/TableCell.js;packages/mui-material/src/TableContainer/TableContainer.js;packages/mui-material/src/TableFooter/TableFooter.js;packages/mui-material/src/TableHead/TableHead.js;packages/mui-material/src/TablePagination/TablePagination.js;packages/mui-material/src/TableRow/TableRow.js;packages/mui-material/src/TableSortLabel/TableSortLabel.js;packages/mui-material/src/Tabs/Tabs.js;packages/mui-material/src/TextField/TextField.js;packages/mui-material/src/ToggleButton/ToggleButton.js;packages/mui-material/src/ToggleButtonGroup/ToggleButtonGroup.js;packages/mui-material/src/Toolbar/Toolbar.js;packages/mui-material/src/Tooltip/Tooltip.js;packages/mui-material/src/Typography/Typography.js;packages/mui-system/src/createBox.js;packages/mui-system/src/styleFunctionSx/extendSxProp.js;packages/mui-system/src/styleFunctionSx/styleFunctionSx.d.ts;packages/mui-system/src/styleFunctionSx/styleFunctionSx.js;packages/mui-system/src/styleFunctionSx/styleFunctionSx.spec.tsx;packages/mui-utils/src/index.ts
mui__material-ui-28645	ts	mui/material-ui	NA	26a6e51de4993f1bc26304f4af8b02d7fbb367ad	4	framer/Material-UI.framerfx/code/Button.tsx;packages/mui-material/src/Button/Button.js;packages/mui-material/src/ButtonGroup/ButtonGroup.js;packages/mui-material/src/ButtonGroup/ButtonGroupContext.ts
mui__material-ui-26480	ts	mui/material-ui	NA	d81caa37668ad2d573c4c1ae518e306c5cebe2cf	31	docs/pages/api-docs/list-item-button.js;docs/pages/api-docs/list-item-button.json;docs/src/pages/components/lists/CheckboxList.js;docs/src/pages/components/lists/CheckboxList.tsx;docs/src/pages/components/lists/InsetList.js;docs/src/pages/components/lists/InsetList.tsx;docs/src/pages/components/lists/NestedList.js;docs/src/pages/components/lists/NestedList.tsx;docs/src/pages/components/lists/SelectedListItem.js;docs/src/pages/components/lists/SelectedListItem.tsx;docs/src/pages/components/lists/SimpleList.js;docs/src/pages/components/lists/SimpleList.tsx;docs/src/pages/components/lists/VirtualizedList.js;docs/src/pages/components/lists/VirtualizedList.tsx;docs/src/pages/components/lists/lists.md;docs/src/pagesApi.js;docs/translations/api-docs/list-item-button/list-item-button-de.json;docs/translations/api-docs/list-item-button/list-item-button-es.json;docs/translations/api-docs/list-item-button/list-item-button-fr.json;docs/translations/api-docs/list-item-button/list-item-button-ja.json;docs/translations/api-docs/list-item-button/list-item-button-pt.json;docs/translations/api-docs/list-item-button/list-item-button-ru.json;docs/translations/api-docs/list-item-button/list-item-button-zh.json;docs/translations/api-docs/list-item-button/list-item-button.json;packages/material-ui/src/ListItem/ListItem.d.ts;packages/material-ui/src/ListItem/ListItem.js;packages/material-ui/src/ListItemButton/ListItemButton.d.ts;packages/material-ui/src/ListItemButton/ListItemButton.js;packages/material-ui/src/ListItemButton/index.d.ts;packages/material-ui/src/ListItemButton/index.js;packages/material-ui/src/ListItemButton/listItemButtonClasses.ts
mui__material-ui-26470	ts	mui/material-ui	NA	3e66b977cbadc8e688a6041b774db9695c34b654	9	docs/src/pages/components/tabs/ScrollableTabsButtonAuto.js;docs/src/pages/components/tabs/ScrollableTabsButtonAuto.tsx;docs/src/pages/components/tabs/ScrollableTabsButtonForce.js;docs/src/pages/components/tabs/ScrollableTabsButtonForce.tsx;docs/src/pages/components/tabs/ScrollableTabsButtonPrevent.js;docs/src/pages/components/tabs/ScrollableTabsButtonPrevent.tsx;docs/src/pages/components/tabs/ScrollableTabsButtonVisible.js;docs/src/pages/components/tabs/ScrollableTabsButtonVisible.tsx;packages/material-ui/src/Tabs/Tabs.js
mui__material-ui-26460	ts	mui/material-ui	NA	bb0bbe22d77dabe69cd6cd64971158aaa70068c4	11	docs/pages/api-docs/checkbox.json;docs/pages/api-docs/radio.json;docs/src/pages/guides/migration-v4/migration-v4.md;packages/material-ui/src/Checkbox/Checkbox.d.ts;packages/material-ui/src/Checkbox/Checkbox.js;packages/material-ui/src/Radio/Radio.d.ts;packages/material-ui/src/Radio/Radio.js;packages/material-ui/src/Switch/Switch.js;packages/material-ui/src/internal/SwitchBase.d.ts;packages/material-ui/src/internal/SwitchBase.js;packages/material-ui/src/internal/switchBaseClasses.ts
mui__material-ui-26413	ts	mui/material-ui	NA	2ec75363c13a6646499df0516a94d808e57f354b	1	packages/material-ui-lab/src/TreeView/TreeView.js
mui__material-ui-26323	ts	mui/material-ui	NA	bb0bbe22d77dabe69cd6cd64971158aaa70068c4	12	docs/pages/api-docs/dialog-title.json;docs/src/modules/utils/defaultPropsHandler.js;docs/src/pages/components/dialogs/CustomizedDialogs.js;docs/src/pages/components/dialogs/CustomizedDialogs.tsx;docs/src/pages/components/dialogs/SimpleDialog.js;docs/src/pages/components/dialogs/SimpleDialog.tsx;docs/src/pages/guides/migration-v4/migration-v4.md;docs/translations/api-docs/dialog-title/dialog-title.json;packages/material-ui/src/DialogContent/DialogContent.js;packages/material-ui/src/DialogContentText/DialogContentText.js;packages/material-ui/src/DialogTitle/DialogTitle.d.ts;packages/material-ui/src/DialogTitle/DialogTitle.js
mui__material-ui-26186	ts	mui/material-ui	NA	8ef7d1cbfbbb03e27addf356f0e7d57033b4ef0b	14	docs/pages/api-docs/native-select.json;docs/pages/api-docs/select.json;docs/src/pages/guides/migration-v4/migration-v4.md;docs/translations/api-docs/native-select/native-select.json;docs/translations/api-docs/select/select.json;packages/material-ui/src/NativeSelect/NativeSelect.d.ts;packages/material-ui/src/NativeSelect/NativeSelect.js;packages/material-ui/src/NativeSelect/NativeSelectInput.js;packages/material-ui/src/NativeSelect/nativeSelectClasses.js;packages/material-ui/src/Select/Select.d.ts;packages/material-ui/src/Select/Select.js;packages/material-ui/src/Select/SelectInput.js;packages/material-ui/src/Select/selectClasses.js;packages/material-ui/src/TablePagination/TablePagination.js
mui__material-ui-26173	ts	mui/material-ui	NA	205258b56faf4ac8096d10b62e22458dab52fb8e	8	docs/pages/api-docs/autocomplete.json;docs/src/pages/components/autocomplete/Asynchronous.js;docs/src/pages/components/autocomplete/Asynchronous.tsx;docs/src/pages/guides/migration-v4/migration-v4.md;docs/translations/api-docs/autocomplete/autocomplete.json;packages/material-ui/src/Autocomplete/Autocomplete.js;packages/material-ui/src/useAutocomplete/useAutocomplete.d.ts;packages/material-ui/src/useAutocomplete/useAutocomplete.js
mui__material-ui-26170	ts	mui/material-ui	NA	215794b567669951a61183d748c0b2be6483c3ea	3	docs/pages/api-docs/tab-list.json;packages/material-ui-lab/src/TabList/TabList.d.ts;packages/material-ui-lab/src/TabList/TabList.js
mui__material-ui-26098	ts	mui/material-ui	NA	36c1e08520f8add7bdc341825d44f50d59ceab83	5	packages/material-ui-styled-engine-sc/package.json;packages/material-ui-styled-engine-sc/src/index.js;packages/material-ui-styled-engine/src/index.js;packages/material-ui/src/StepContent/StepContent.js;packages/material-ui/src/TablePagination/TablePagination.js
mui__material-ui-26061	ts	mui/material-ui	NA	5a983eadb806ba095de2a2754b208d470e3f55e7	1	packages/material-ui/src/Tabs/Tabs.js
mui__material-ui-26026	ts	mui/material-ui	NA	d7c0ae5958a274c6d7043b3bda8291a1d93fd3c1	13	docs/pages/api-docs/outlined-input.json;docs/pages/api-docs/select.json;docs/src/pages/components/text-fields/InputAdornments.js;docs/src/pages/components/text-fields/InputAdornments.tsx;docs/src/pages/guides/migration-v4/migration-v4.md;docs/translations/api-docs/outlined-input/outlined-input.json;docs/translations/api-docs/select/select.json;packages/material-ui/src/OutlinedInput/NotchedOutline.d.ts;packages/material-ui/src/OutlinedInput/NotchedOutline.js;packages/material-ui/src/OutlinedInput/OutlinedInput.d.ts;packages/material-ui/src/OutlinedInput/OutlinedInput.js;packages/material-ui/src/Select/Select.d.ts;packages/material-ui/src/Select/Select.js
mui__material-ui-25974	ts	mui/material-ui	NA	a030b0e07e1354790790d9be1baa227044ce2d50	32	docs/pages/api-docs/timeline-content.json;docs/pages/api-docs/timeline-item.json;docs/pages/api-docs/timeline-opposite-content.json;docs/pages/api-docs/timeline.json;docs/src/pages/components/timeline/AlternateTimeline.js;docs/src/pages/components/timeline/AlternateTimeline.tsx;docs/src/pages/components/timeline/ColorsTimeline.js;docs/src/pages/components/timeline/ColorsTimeline.tsx;docs/src/pages/components/timeline/CustomizedTimeline.js;docs/src/pages/components/timeline/CustomizedTimeline.tsx;docs/src/pages/components/timeline/RightAlignedTimeline.js;docs/src/pages/components/timeline/RightAlignedTimeline.tsx;docs/src/pages/components/timeline/OppositeContentTimeline.js;docs/src/pages/components/timeline/OppositeContentTimeline.tsx;docs/src/pages/components/timeline/OutlinedTimeline.js;docs/src/pages/components/timeline/OutlinedTimeline.tsx;docs/src/pages/components/timeline/timeline.md;docs/translations/api-docs/timeline-content/timeline-content.json;docs/translations/api-docs/timeline-item/timeline-item.json;docs/translations/api-docs/timeline-opposite-content/timeline-opposite-content.json;docs/translations/api-docs/timeline/timeline.json;packages/material-ui-lab/src/Timeline/Timeline.tsx;packages/material-ui-lab/src/Timeline/timelineClasses.ts;packages/material-ui-lab/src/TimelineContent/TimelineContent.d.ts;packages/material-ui-lab/src/TimelineContent/TimelineContent.js;packages/material-ui-lab/src/TimelineContent/timelineContentClasses.js;packages/material-ui-lab/src/TimelineItem/TimelineItem.d.ts;packages/material-ui-lab/src/TimelineItem/TimelineItem.js;packages/material-ui-lab/src/TimelineItem/timelineItemClasses.js;packages/material-ui-lab/src/TimelineOppositeContent/TimelineOppositeContent.d.ts;packages/material-ui-lab/src/TimelineOppositeContent/TimelineOppositeContent.js;packages/material-ui-lab/src/TimelineOppositeContent/timelineOppositeContentClasses.js
mui__material-ui-25874	ts	mui/material-ui	NA	a4d8c4ffadca14ebb941003082e607a96eacb409	16	docs/pages/api-docs/loading-button.json;docs/src/pages/components/buttons/LoadingButtons.js;docs/src/pages/components/buttons/LoadingButtons.tsx;docs/src/pages/components/buttons/LoadingButtonsTransition.js;docs/src/pages/components/buttons/LoadingButtonsTransition.tsx;docs/src/pages/components/buttons/buttons-de.md;docs/src/pages/components/buttons/buttons-es.md;docs/src/pages/components/buttons/buttons-fr.md;docs/src/pages/components/buttons/buttons-ja.md;docs/src/pages/components/buttons/buttons-pt.md;docs/src/pages/components/buttons/buttons-ru.md;docs/src/pages/components/buttons/buttons.md;docs/src/pages/guides/migration-v4/migration-v4.md;docs/translations/api-docs/loading-button/loading-button.json;packages/material-ui-lab/src/LoadingButton/LoadingButton.d.ts;packages/material-ui-lab/src/LoadingButton/LoadingButton.js
mui__material-ui-25825	ts	mui/material-ui	NA	d687a88c1f4377b848730782890823c59de996e5	1	packages/material-ui/src/styles/colorManipulator.js
mui__material-ui-25815	ts	mui/material-ui	NA	a14696593902fd422b8f759d45b1b7ee409223f1	2	packages/material-ui/src/NativeSelect/NativeSelect.js;packages/material-ui/src/Select/Select.js
mui__material-ui-25784	ts	mui/material-ui	NA	b3c85de69ddf15a4a2e21b78b13e4c066b94ca2d	13	docs/pages/api-docs/unstable-trap-focus.json;docs/src/pages/components/trap-focus/BasicTrapFocus.js;docs/src/pages/components/trap-focus/BasicTrapFocus.tsx;docs/src/pages/components/trap-focus/DisableEnforceFocus.js;docs/src/pages/components/trap-focus/DisableEnforceFocus.tsx;docs/src/pages/components/trap-focus/LazyTrapFocus.js;docs/src/pages/components/trap-focus/LazyTrapFocus.tsx;docs/src/pages/components/trap-focus/PortalTrapFocus.js;docs/src/pages/components/trap-focus/PortalTrapFocus.tsx;docs/src/pages/components/trap-focus/trap-focus.md;docs/translations/api-docs/unstable-trap-focus/unstable-trap-focus.json;packages/material-ui-unstyled/src/Unstable_TrapFocus/Unstable_TrapFocus.d.ts;packages/material-ui-unstyled/src/Unstable_TrapFocus/Unstable_TrapFocus.js
mui__material-ui-25637	ts	mui/material-ui	NA	d2e00769d0322dc911dd6237e30ab592aa02cad9	1	packages/material-ui-styles/src/getStylesCreator/getStylesCreator.js
mui__material-ui-25431	ts	mui/material-ui	NA	c3aab53e78396e944a6e36348057a9f0df3ec762	4	docs/pages/api-docs/snackbar.json;docs/src/modules/utils/generatePropTypeDescription.ts;packages/material-ui/src/Snackbar/Snackbar.js;packages/typescript-to-proptypes/src/generator.ts
mui__material-ui-25428	ts	mui/material-ui	NA	e6666a5b3887d6c7d4d6ee171a440f032d89462b	6	docs/src/pages/components/dividers/VerticalDividerMiddle.js;docs/src/pages/components/dividers/VerticalDividerMiddle.tsx;docs/src/pages/components/dividers/VerticalDividers.js;docs/src/pages/components/dividers/VerticalDividers.tsx;docs/src/pages/components/dividers/dividers.md;packages/material-ui/src/Divider/Divider.js
mui__material-ui-25390	ts	mui/material-ui	NA	ea2bd5aa822dfd4e46a0cdf3d68f90f7f2e6d757	17	docs/pages/api-docs/toggle-button-group.json;docs/pages/api-docs/toggle-button.json;docs/src/modules/components/AppSettingsDrawer.js;docs/src/pages/components/toggle-button/ColorToggleButton.js;docs/src/pages/components/toggle-button/ColorToggleButton.tsx;docs/src/pages/components/toggle-button/CustomizedDividers.js;docs/src/pages/components/toggle-button/CustomizedDividers.tsx;docs/src/pages/components/toggle-button/ToggleButtonSizes.js;docs/src/pages/components/toggle-button/ToggleButtonSizes.tsx;docs/src/pages/components/toggle-button/toggle-button.md;docs/translations/api-docs/toggle-button-group/toggle-button-group.json;docs/translations/api-docs/toggle-button/toggle-button.json;packages/material-ui/src/ToggleButton/ToggleButton.d.ts;packages/material-ui/src/ToggleButton/ToggleButton.js;packages/material-ui/src/ToggleButton/toggleButtonClasses.js;packages/material-ui/src/ToggleButtonGroup/ToggleButtonGroup.d.ts;packages/material-ui/src/ToggleButtonGroup/ToggleButtonGroup.js
mui__material-ui-25276	ts	mui/material-ui	NA	e6561e21bea65fb938470a9503971776a998196d	1	packages/material-ui/src/Autocomplete/Autocomplete.js
mui__material-ui-25259	ts	mui/material-ui	NA	fe2632d1eb87f0b544be104aa89d06f6a2a64e23	2	packages/material-ui/src/SpeedDial/SpeedDial.js;packages/material-ui/src/SpeedDialAction/SpeedDialAction.js
mui__material-ui-25245	ts	mui/material-ui	NA	1104097f7c640cbe5db05465fcd104e3de6137d9	22	docs/pages/api-docs/collapse.json;docs/pages/api-docs/fade.json;docs/pages/api-docs/grow.json;docs/pages/api-docs/slide.json;docs/pages/api-docs/zoom.json;docs/translations/api-docs/collapse/collapse.json;docs/translations/api-docs/fade/fade.json;docs/translations/api-docs/grow/grow.json;docs/translations/api-docs/slide/slide.json;docs/translations/api-docs/zoom/zoom.json;packages/material-ui/src/Collapse/Collapse.d.ts;packages/material-ui/src/Collapse/Collapse.js;packages/material-ui/src/Fade/Fade.d.ts;packages/material-ui/src/Fade/Fade.js;packages/material-ui/src/Grow/Grow.d.ts;packages/material-ui/src/Grow/Grow.js;packages/material-ui/src/Slide/Slide.d.ts;packages/material-ui/src/Slide/Slide.js;packages/material-ui/src/Zoom/Zoom.d.ts;packages/material-ui/src/Zoom/Zoom.js;packages/material-ui/src/transitions/transition.d.ts;packages/material-ui/src/transitions/utils.js
mui__material-ui-25149	ts	mui/material-ui	NA	fca2ddf44ce5518b82a464cfa806e30f1f973e5c	34	docs/pages/api-docs/stack.js;docs/pages/api-docs/stack.json;docs/pages/components/stack.js;docs/src/pages.ts;docs/src/pages/components/buttons/UploadButtons.js;docs/src/pages/components/buttons/UploadButtons.tsx;docs/src/pages/components/stack/BasicStack.js;docs/src/pages/components/stack/BasicStack.tsx;docs/src/pages/components/stack/DirectionStack.js;docs/src/pages/components/stack/DirectionStack.tsx;docs/src/pages/components/stack/DividerStack.js;docs/src/pages/components/stack/DividerStack.tsx;docs/src/pages/components/stack/InteractiveStack.js;docs/src/pages/components/stack/InteractiveStack.tsx;docs/src/pages/components/stack/ResponsiveStack.js;docs/src/pages/components/stack/ResponsiveStack.tsx;docs/src/pages/components/stack/stack.md;docs/src/pagesApi.js;docs/translations/api-docs/stack/stack-de.json;docs/translations/api-docs/stack/stack-es.json;docs/translations/api-docs/stack/stack-fr.json;docs/translations/api-docs/stack/stack-ja.json;docs/translations/api-docs/stack/stack-pt.json;docs/translations/api-docs/stack/stack-ru.json;docs/translations/api-docs/stack/stack-zh.json;docs/translations/api-docs/stack/stack.json;docs/translations/translations.json;packages/material-ui-system/src/breakpoints.js;packages/material-ui/src/Stack/Stack.d.ts;packages/material-ui/src/Stack/Stack.js;packages/material-ui/src/Stack/index.d.ts;packages/material-ui/src/Stack/index.js;packages/material-ui/src/index.d.ts;packages/material-ui/src/index.js
mui__material-ui-25105	ts	mui/material-ui	NA	6d732baac5eee9027a7cb4a7be9d165b8c705936	1	packages/material-ui/src/TableCell/TableCell.js
mui__material-ui-24968	ts	mui/material-ui	NA	22491f2568a93f49cfc20dae6a9a8b2cad4da957	8	docs/pages/api-docs/slider-unstyled.json;docs/pages/api-docs/slider.json;docs/translations/api-docs/slider-unstyled/slider-unstyled.json;docs/translations/api-docs/slider/slider.json;packages/material-ui-unstyled/src/SliderUnstyled/SliderUnstyled.d.ts;packages/material-ui-unstyled/src/SliderUnstyled/SliderUnstyled.js;packages/material-ui-unstyled/src/SliderUnstyled/sliderUnstyledClasses.js;packages/material-ui/src/Slider/Slider.js
mui__material-ui-24945	ts	mui/material-ui	NA	a1e651f48deaabbe70ea1033e29e869906284b19	5	docs/pages/api-docs/slider-unstyled.json;docs/pages/api-docs/slider.json;packages/material-ui-unstyled/src/SliderUnstyled/SliderUnstyled.d.ts;packages/material-ui-unstyled/src/SliderUnstyled/SliderUnstyled.js;packages/material-ui/src/Slider/Slider.js
mui__material-ui-24857	ts	mui/material-ui	NA	e242809731743f195b4ea6477cfe95e96ea00b8e	72	.stylelintrc.js;docs/pages/api-docs/backdrop-unstyled.json;docs/pages/api-docs/backdrop.json;docs/pages/api-docs/badge-unstyled.json;docs/pages/api-docs/badge.json;docs/pages/api-docs/modal-unstyled.js;docs/pages/api-docs/modal-unstyled.json;docs/pages/api-docs/modal.json;docs/pages/api-docs/slider-unstyled.json;docs/pages/api-docs/slider.json;docs/src/pages/company/careers/careers.md;docs/src/pages/components/badges/UnstyledBadge.js;docs/src/pages/components/badges/UnstyledBadge.tsx;docs/src/pages/components/badges/badges.md;docs/src/pages/components/modal/BasicModal.js;docs/src/pages/components/modal/BasicModal.tsx;docs/src/pages/components/modal/KeepMountedModal.js;docs/src/pages/components/modal/KeepMountedModal.tsx;docs/src/pages/components/modal/ModalUnstyled.js;docs/src/pages/components/modal/ModalUnstyled.tsx;docs/src/pages/components/modal/NestedModal.js;docs/src/pages/components/modal/NestedModal.tsx;docs/src/pages/components/modal/ServerModal.js;docs/src/pages/components/modal/ServerModal.tsx;docs/src/pages/components/modal/SpringModal.js;docs/src/pages/components/modal/SpringModal.tsx;docs/src/pages/components/modal/TransitionsModal.js;docs/src/pages/components/modal/TransitionsModal.tsx;docs/src/pages/components/modal/modal.md;docs/src/pages/components/slider/slider.md;docs/src/pages/components/speed-dial/ControlledOpenSpeedDial.js;docs/src/pages/components/speed-dial/ControlledOpenSpeedDial.tsx;docs/src/pages/components/speed-dial/SpeedDialTooltipOpen.js;docs/src/pages/components/speed-dial/SpeedDialTooltipOpen.tsx;docs/src/pagesApi.js;docs/translations/api-docs/modal-unstyled/modal-unstyled-de.json;docs/translations/api-docs/modal-unstyled/modal-unstyled-es.json;docs/translations/api-docs/modal-unstyled/modal-unstyled-fr.json;docs/translations/api-docs/modal-unstyled/modal-unstyled-ja.json;docs/translations/api-docs/modal-unstyled/modal-unstyled-pt.json;docs/translations/api-docs/modal-unstyled/modal-unstyled-ru.json;docs/translations/api-docs/modal-unstyled/modal-unstyled-zh.json;docs/translations/api-docs/modal-unstyled/modal-unstyled.json;docs/translations/api-docs/modal/modal.json;packages/material-ui-unstyled/src/BackdropUnstyled/BackdropUnstyled.d.ts;packages/material-ui-unstyled/src/BackdropUnstyled/BackdropUnstyled.js;packages/material-ui-unstyled/src/BadgeUnstyled/BadgeUnstyled.d.ts;packages/material-ui-unstyled/src/BadgeUnstyled/BadgeUnstyled.js;packages/material-ui/src/Modal/ModalManager.ts;packages/material-ui-unstyled/src/ModalUnstyled/ModalUnstyled.d.ts;packages/material-ui-unstyled/src/ModalUnstyled/ModalUnstyled.js;packages/material-ui-unstyled/src/ModalUnstyled/index.d.ts;packages/material-ui-unstyled/src/ModalUnstyled/index.js;packages/material-ui-unstyled/src/ModalUnstyled/modalUnstyledClasses.d.ts;packages/material-ui-unstyled/src/ModalUnstyled/modalUnstyledClasses.js;packages/material-ui-unstyled/src/SliderUnstyled/SliderUnstyled.d.ts;packages/material-ui-unstyled/src/SliderUnstyled/SliderUnstyled.js;packages/material-ui-unstyled/src/index.d.ts;packages/material-ui-unstyled/src/index.js;packages/material-ui/src/Backdrop/Backdrop.d.ts;packages/material-ui/src/Backdrop/Backdrop.js;packages/material-ui/src/Badge/Badge.d.ts;packages/material-ui/src/Badge/Badge.js;packages/material-ui/src/Modal/Modal.d.ts;packages/material-ui/src/Modal/Modal.js;packages/material-ui/src/Modal/SimpleBackdrop.js;packages/material-ui/src/Modal/index.d.ts;packages/material-ui/src/Modal/index.js;packages/material-ui/src/Slider/Slider.d.ts;packages/material-ui/src/Slider/Slider.js;packages/material-ui/src/styles/components.d.ts;packages/material-ui/src/styles/overrides.d.ts
mui__material-ui-24794	ts	mui/material-ui	NA	f0e657bcd52071fb11b27437053ee6110a69b285	16	docs/src/pages/guides/migration-v4/migration-v4.md;docs/src/pages/system/grid/Gap.js;docs/src/pages/system/grid/Gap.tsx;docs/src/pages/system/grid/GridAutoColumns.js;docs/src/pages/system/grid/GridAutoColumns.tsx;docs/src/pages/system/grid/GridAutoFlow.js;docs/src/pages/system/grid/GridAutoFlow.tsx;docs/src/pages/system/grid/GridAutoRows.js;docs/src/pages/system/grid/GridAutoRows.tsx;docs/src/pages/system/grid/GridTemplateAreas.js;docs/src/pages/system/grid/GridTemplateAreas.tsx;docs/src/pages/system/grid/RowAndColumnGap.js;docs/src/pages/system/grid/RowAndColumnGap.tsx;docs/src/pages/system/grid/grid.md;packages/material-ui-system/src/borders.js;packages/material-ui-system/src/grid.js
mui__material-ui-24782	ts	mui/material-ui	NA	058e409679188b9b5d68baeabea9f46b21f7fe1f	16	docs/src/pages/components/slider/ContinuousSlider.tsx;docs/src/pages/components/slider/InputSlider.tsx;docs/src/pages/components/slider/NonLinearSlider.tsx;docs/src/pages/components/slider/RangeSlider.tsx;docs/translations/api-docs/select/select.json;docs/translations/api-docs/slider-unstyled/slider-unstyled.json;docs/translations/api-docs/slider/slider.json;packages/material-ui-unstyled/src/SliderUnstyled/SliderUnstyled.d.ts;packages/material-ui-unstyled/src/SliderUnstyled/SliderUnstyled.js;packages/material-ui/src/Select/Select.d.ts;packages/material-ui/src/Select/Select.js;packages/material-ui/src/Select/SelectInput.d.ts;packages/material-ui/src/Select/SelectInput.js;packages/material-ui/src/Slider/Slider.js;packages/material-ui/src/Slider/Slider.spec.tsx;packages/material-ui/src/SwipeableDrawer/SwipeableDrawer.js
mui__material-ui-24621	ts	mui/material-ui	NA	c676e736337b914d7dc16f465212c47d7f2d50aa	11	docs/src/pages/components/date-picker/InternalPickers.js;docs/src/pages/components/date-picker/InternalPickers.tsx;docs/src/pages/components/date-picker/date-picker.md;packages/material-ui-lab/src/DateRangePicker/DateRangePicker.tsx;packages/material-ui-lab/src/DateRangePicker/DateRangePickerViewDesktop.tsx;packages/material-ui-lab/src/DateRangePicker/DateRangePickerViewMobile.tsx;packages/material-ui-lab/src/DateRangePickerDay/DateRangePickerDay.tsx;packages/material-ui-lab/src/DayPicker/PickersCalendar.tsx;packages/material-ui-lab/src/DesktopDateRangePicker/DesktopDateRangePicker.tsx;packages/material-ui-lab/src/MobileDateRangePicker/MobileDateRangePicker.tsx;packages/material-ui-lab/src/StaticDateRangePicker/StaticDateRangePicker.tsx
mui__material-ui-24290	ts	mui/material-ui	NA	1b24a942f93a07a7f2073942c6dec91bdd688d75	2	packages/material-ui/src/FormLabel/FormLabel.js;packages/material-ui/src/OutlinedInput/OutlinedInput.js
mui__material-ui-24213	ts	mui/material-ui	NA	dbaac3f35a31d2fc6f0ec3feb6c4125f5ec359b2	2	.eslintrc.js;packages/material-ui/src/useAutocomplete/useAutocomplete.js
mui__material-ui-24205	ts	mui/material-ui	NA	dbaac3f35a31d2fc6f0ec3feb6c4125f5ec359b2	2	packages/material-ui-lab/src/DateRangePicker/DateRangePickerViewMobile.tsx;packages/material-ui-lab/src/DayPicker/PickersCalendarHeader.tsx
mui__material-ui-24202	ts	mui/material-ui	NA	984645eb1a765abbf39a4f61dad0d21a6e518ee3	2	docs/pages/api-docs/autocomplete.json;packages/material-ui/src/Autocomplete/Autocomplete.js
mui__material-ui-24010	ts	mui/material-ui	NA	3506dda5d69fc237e8f241370c7fdf4d8a105370	1	packages/material-ui-system/src/style.js
mui__material-ui-23884	ts	mui/material-ui	NA	194670d1cab86a764398648f136949a003b0c8b0	2	packages/material-ui/src/useAutocomplete/useAutocomplete.js;scripts/react-next.diff
mui__material-ui-23806	ts	mui/material-ui	NA	21b4e266d576a450b36a406ffada2dfb1f3d0192	2	docs/src/pages/components/use-media-query/use-media-query.md;packages/material-ui/src/useMediaQuery/useMediaQuery.js
mui__material-ui-23786	ts	mui/material-ui	NA	6f56be2a07185be06984476aed9f518cbbd6b87d	1	packages/material-ui/src/internal/SwitchBase.js
mui__material-ui-23778	ts	mui/material-ui	NA	4f6c184c749b9ef1819b52a54e6db76c26f14482	1	packages/material-ui/src/Select/SelectInput.js
mui__material-ui-23487	ts	mui/material-ui	NA	5115f08e29babb11481a190d68e7fd045f3ce804	3	docs/src/pages/components/autocomplete/autocomplete.md;packages/material-ui/src/SwipeableDrawer/SwipeableDrawer.js;packages/material-ui/src/useAutocomplete/useAutocomplete.js
mui__material-ui-23073	ts	mui/material-ui	NA	754e29cf5a712d0e0f6bd3e54f80e9997659f68c	3	packages/material-ui/src/MenuItem/MenuItem.js;packages/material-ui/src/MenuList/MenuList.js;packages/material-ui/src/MenuList/MenuListContext.js
vuejs__core-11899	ts	vuejs/core	NA	d0b513eb463f580e29378e43d112ff6859aa366e	1	packages/compiler-sfc/src/style/pluginScoped.ts
vuejs__core-11854	ts	vuejs/core	NA	fe2ab1bbac7e29edd275350b3ca9bbb54285f598	1	packages/compiler-sfc/src/style/pluginScoped.ts
vuejs__core-11813	ts	vuejs/core	NA	1b6bc2374d93e5f76d9266a0fcc5c10a8cafef5b	1	packages/reactivity/src/effect.ts
vuejs__core-11761	ts	vuejs/core	NA	d298c431cc422b53cf4e9c69bf1daf926c33b6e0	2	packages/reactivity/src/arrayInstrumentations.ts;packages/reactivity/src/baseHandlers.ts
vuejs__core-11694	ts	vuejs/core	NA	fbc0c42bcf6dea5a6ae664223fa19d4375ca39f0	2	packages/reactivity/src/baseHandlers.ts;packages/reactivity/src/dep.ts
vuejs__core-11680	ts	vuejs/core	NA	fbc0c42bcf6dea5a6ae664223fa19d4375ca39f0	1	packages/compiler-sfc/src/script/resolveType.ts
vuejs__core-11625	ts	vuejs/core	NA	d7d0371e74707ee601020f67de88e091cdae2673	1	packages/runtime-core/src/apiWatch.ts
vuejs__core-11517	ts	vuejs/core	NA	b74687c0bbc0083513a1f5da3a2995cfb5f48246	5	packages/runtime-core/src/component.ts;packages/runtime-core/src/hmr.ts;packages/runtime-core/src/index.ts;packages/runtime-core/src/renderer.ts;packages/runtime-dom/src/apiCustomElement.ts
vuejs__core-11515	ts	vuejs/core	NA	e26fd7b1d15cb3335a4c2230cc49b1008daddca1	1	packages/compiler-ssr/src/transforms/ssrTransformTransitionGroup.ts
vuejs__core-11502	ts	vuejs/core	NA	4592b63c6a8a3d69bfe4ac1f9458b4a86a9676a4	1	packages/runtime-core/src/apiInject.ts
vuejs__core-11491	ts	vuejs/core	NA	79602f9ecd9559954f844774a90286305b13e056	3	packages/runtime-core/src/helpers/renderSlot.ts;packages/runtime-core/src/index.ts;packages/server-renderer/src/helpers/ssrRenderSlot.ts
vuejs__core-11338	ts	vuejs/core	NA	314ce82e479dbb33a9281ba8c2ebe288536b32df	1	packages/runtime-core/src/componentSlots.ts
vuejs__core-11201	ts	vuejs/core	NA	582cd2e9bc21b8d9b695dc0ad28f96cc88d8f0cf	1	packages/shared/src/toDisplayString.ts
vuejs__core-11165	ts	vuejs/core	NA	1c3327a0fa5983aa9078e3f7bb2330f572435425	1	packages/runtime-dom/src/patchProp.ts
vuejs__core-11026	ts	vuejs/core	NA	530d9ec5f69a39246314183d942d37986c01dc46	1	packages/compiler-sfc/src/script/resolveType.ts
vuejs__core-10989	ts	vuejs/core	NA	f44c3b37d446d5f8e34539029dae0d806b25bb47	1	packages/runtime-core/src/renderer.ts
vuejs__core-10939	ts	vuejs/core	NA	107e6143e716986269fc7c1d96733cb59dfadc53	1	packages/compiler-core/src/transforms/vFor.ts
vuejs__core-10891	ts	vuejs/core	NA	b2b5f57c2c945edd0eebc1b545ec1b7568e51484	2	packages/compiler-core/src/transforms/hoistStatic.ts;packages/compiler-core/src/transforms/transformElement.ts
vuejs__core-10874	ts	vuejs/core	NA	c0c9432b64091fa15fd8619cfb06828735356a42	1	packages/compiler-sfc/src/script/resolveType.ts
vuejs__core-10869	ts	vuejs/core	NA	6a8d54850610b65091b52c825b66e3510f4b9fe8	1	packages/shared/src/general.ts
vuejs__core-10522	ts	vuejs/core	NA	caeb8a68811a1b0f799632582289fcf169fb673c	1	packages/compiler-sfc/src/style/pluginScoped.ts
vuejs__core-10416	ts	vuejs/core	NA	89de26cdcdddef8096417ea494de113399629d5b	1	packages/runtime-dom/src/modules/props.ts
vuejs__core-10325	ts	vuejs/core	NA	3f92126a26a544dfa69211cf2977556a2706bb2c	1	packages/runtime-core/src/hydration.ts
vuejs__core-10289	ts	vuejs/core	NA	75e02b5099a08166bdf407127916734c48209ee9	1	packages/reactivity/src/reactive.ts
vuejs__core-10250	ts	vuejs/core	NA	d276a4f3e914aaccc291f7b2513e5d978919d0f9	3	packages/runtime-core/src/component.ts;packages/runtime-core/src/hydration.ts;packages/runtime-dom/src/helpers/useCssVars.ts
vuejs__core-10218	ts	vuejs/core	NA	f1068fc60ca511f68ff0aaedcc18b39124791d29	1	packages/compiler-core/src/transforms/transformSlotOutlet.ts
vuejs__core-10161	ts	vuejs/core	NA	f1068fc60ca511f68ff0aaedcc18b39124791d29	2	packages/runtime-dom/src/directives/vShow.ts;packages/runtime-dom/src/modules/style.ts
vuejs__core-10141	ts	vuejs/core	NA	07922dacc7422e828eb4238eac58dd11cd2cdb5c	1	packages/runtime-core/src/hydration.ts
vuejs__core-10101	ts	vuejs/core	NA	ffd0473e0f56de0f0d16b05b85d6b6f2e46bf10e	3	packages/reactivity/src/computed.ts;packages/reactivity/src/constants.ts;packages/reactivity/src/effect.ts
vuejs__core-10027	ts	vuejs/core	NA	68e5cc6ac8fc289372831c5fbdff09e63728fc00	1	packages/runtime-core/src/scheduler.ts
vuejs__core-10004	ts	vuejs/core	NA	0275dd329d241bdd84ce3ca0c7fc07211cb21751	1	packages/runtime-core/src/hydration.ts
vuejs__core-9751	ts	vuejs/core	NA	c3e2c556b532656b50b8ab5cd2d9eabc26622d63	1	packages/reactivity/src/baseHandlers.ts
vuejs__core-9572	ts	vuejs/core	NA	f6babf32363185ff3ab3512d952a8a9aa9603762	1	packages/runtime-core/src/apiWatch.ts
vuejs__core-9532	ts	vuejs/core	NA	a93bcc4e29be0db6c310f717db3687feb3e4287c	1	packages/runtime-core/src/hydration.ts
vuejs__core-9507	ts	vuejs/core	NA	fc772dbf7398e8ce961025556594b4a7d3f64871	2	packages/compiler-sfc/src/script/defineEmits.ts;packages/compiler-sfc/src/script/defineProps.ts
vuejs__core-9492	ts	vuejs/core	NA	edf2572615d0b065bb7ae49de4c3b71086771310	1	packages/compiler-core/src/transforms/transformExpression.ts
vuejs__core-9442	ts	vuejs/core	NA	4162311efdb0db5ca458542e1604b19efa2fae0e	1	packages/compiler-ssr/src/transforms/ssrVModel.ts
vuejs__core-9213	ts	vuejs/core	NA	dadb3632a0f824f6e6a1c246ed8788bea5cbcad6	3	packages/runtime-core/src/helpers/renderSlot.ts;packages/runtime-core/src/renderer.ts;packages/runtime-core/src/vnode.ts
vuejs__core-8911	ts	vuejs/core	NA	3be4e3cbe34b394096210897c1be8deeb6d748d8	1	packages/compiler-sfc/src/script/utils.ts
vuejs__core-8824	ts	vuejs/core	NA	7cbcee3d831241a8bd3588ae92d3f27e3641e25f	2	packages/compiler-sfc/src/script/utils.ts;packages/compiler-sfc/src/style/cssVars.ts
vuejs__core-8785	ts	vuejs/core	NA	fc772dbf7398e8ce961025556594b4a7d3f64871	1	packages/compiler-core/src/transforms/transformElement.ts
vuejs__core-8538	ts	vuejs/core	NA	0e63cbfaf57979e2c6fcfa986281c7521d82d893	1	packages/compiler-sfc/src/script/importUsageCheck.ts
vuejs__core-8535	ts	vuejs/core	NA	6277cb994acecf56f5f0745f5e2dac9785a34957	5	packages/compiler-sfc/src/compileScript.ts;packages/compiler-sfc/src/script/context.ts;packages/compiler-sfc/src/script/defineEmits.ts;packages/compiler-sfc/src/script/defineProps.ts;packages/compiler-sfc/src/script/definePropsDestructure.ts
vuejs__core-8511	ts	vuejs/core	NA	634519720a21fb5a6871454e1cadad7053a568b8	1	packages/compiler-sfc/src/script/resolveType.ts
vuejs__core-8470	ts	vuejs/core	NA	a9893458ec519aae442e1b99e64e6d74685cd22c	1	packages/compiler-sfc/src/script/resolveType.ts
vuejs__core-8402	ts	vuejs/core	NA	020851e57d9a9f727c6ea07e9c1575430af02b73	23	packages/compiler-core/src/babelUtils.ts;packages/compiler-core/src/transform.ts;packages/compiler-sfc/src/compileScript.ts;packages/compiler-sfc/src/script/context.ts;packages/compiler-sfc/src/script/definePropsDestructure.ts;packages/compiler-sfc/src/script/resolveType.ts;packages/compiler-sfc/src/style/pluginScoped.ts;packages/reactivity-transform/src/reactivityTransform.ts;packages/runtime-core/src/apiCreateApp.ts;packages/runtime-core/src/compat/compatConfig.ts;packages/runtime-core/src/compat/global.ts;packages/runtime-core/src/compat/instanceEventEmitter.ts;packages/runtime-core/src/component.ts;packages/runtime-core/src/componentOptions.ts;packages/runtime-core/src/componentProps.ts;packages/runtime-core/src/componentPublicInstance.ts;packages/runtime-core/src/components/BaseTransition.ts;packages/runtime-dom/src/apiCustomElement.ts;packages/server-renderer/src/helpers/ssrCompile.ts;packages/shared/src/general.ts;packages/shared/src/makeMap.ts;packages/vue-compat/src/index.ts;packages/vue/src/index.ts
vuejs__core-8381	ts	vuejs/core	NA	020851e57d9a9f727c6ea07e9c1575430af02b73	1	packages/compiler-core/src/babelUtils.ts
vuejs__core-8365	ts	vuejs/core	NA	0e8bbe873e579f3d3a74c44af28f7df9e7a06978	1	packages/compiler-sfc/src/script/resolveType.ts
Kong__insomnia-7734	js	Kong/insomnia	NA	44642a49e9a104a53964b3b2b9c589910d391236	1	packages/insomnia/src/utils/importers/importers/openapi-3.ts
anuraghazra__github-readme-stats-3442	js	anuraghazra/github-readme-stats	NA	9c6eb2286284a44ea3ba983ab4d2d2f8a8c2203e	22	.gitignore;api/gist.js;api/index.js;api/pin.js;api/status/pat-info.js;api/status/up.js;api/top-langs.js;api/wakatime.js;cloudflare/adapter.js;cloudflare/index.js;readme.md;src/cards/gist-card.js;src/cards/stats-card.js;src/cards/wakatime-card.js;src/common/Card.js;src/common/retryer.js;src/common/utils.js;src/fetchers/gist-fetcher.js;src/fetchers/repo-fetcher.js;src/fetchers/stats-fetcher.js;src/fetchers/top-languages-fetcher.js;wrangler.toml
anuraghazra__github-readme-stats-2844	js	anuraghazra/github-readme-stats	NA	c5d4bcbc1ac5e1811681e4acd825cd39145fb2d9	4	api/index.js;readme.md;src/cards/stats-card.js;src/cards/types.d.ts
anuraghazra__github-readme-stats-2491	js	anuraghazra/github-readme-stats	NA	112000667c01f18fd161f204ae3ee796ec2e3011	4	api/top-langs.js;readme.md;src/cards/top-languages-card.js;src/cards/types.d.ts
anuraghazra__github-readme-stats-2228	js	anuraghazra/github-readme-stats	NA	8e3147014ca6ef63033574f12c70c1372ec26db8	1	src/cards/wakatime-card.js
anuraghazra__github-readme-stats-2099	js	anuraghazra/github-readme-stats	NA	daa1977ba310f5dcb44f7945e7ecb5537e708c05	4	package-lock.json;readme.md;src/cards/top-languages-card.js;src/cards/types.d.ts
anuraghazra__github-readme-stats-2075	js	anuraghazra/github-readme-stats	NA	60012707c7eaa51fd0377ce8ae46da6ebad24342	5	api/index.js;readme.md;src/cards/stats-card.js;src/common/utils.js;src/getStyles.js
anuraghazra__github-readme-stats-1608	js	anuraghazra/github-readme-stats	NA	d57251cdf1cb5e7b6cea6081147eb9daf8257eef	5	src/common/utils.js;src/fetchers/repo-fetcher.js;src/fetchers/stats-fetcher.js;src/fetchers/top-languages-fetcher.js;src/fetchers/wakatime-fetcher.js
anuraghazra__github-readme-stats-1378	js	anuraghazra/github-readme-stats	NA	02ebd3243b4dc1aba224c7c75c23ebd3e4867ed2	2	src/cards/repo-card.js;src/common/utils.js
anuraghazra__github-readme-stats-1370	js	anuraghazra/github-readme-stats	NA	d0ab2ff030edfecf74373de8ca16e9d09a273afa	2	src/cards/repo-card.js;src/common/utils.js
anuraghazra__github-readme-stats-1314	js	anuraghazra/github-readme-stats	NA	4dbb9e93b9be070169228d89bff9a82342587a81	3	src/cards/repo-card.js;src/cards/top-languages-card.js;src/common/utils.js
anuraghazra__github-readme-stats-1041	js	anuraghazra/github-readme-stats	NA	fef8bc3a4a4ddb12a5c779e7cae18438231845a7	1	src/cards/wakatime-card.js
anuraghazra__github-readme-stats-721	js	anuraghazra/github-readme-stats	NA	99591915eceb5136c0882037aa893cda5b5dbb34	3	readme.md;src/cards/stats-card.js;src/common/utils.js
anuraghazra__github-readme-stats-293	js	anuraghazra/github-readme-stats	NA	e1932fdf7479fd48051de5ec788fcb76d4e783f0	10	api/index.js;api/top-langs.js;api/wakatime.js;docs/readme_es.md;readme.md;src/cards/repo-card.js;src/cards/stats-card.js;src/cards/top-languages-card.js;src/cards/wakatime-card.js;src/common/Card.js
anuraghazra__github-readme-stats-148	js	anuraghazra/github-readme-stats	NA	aa44bd7615442cc927ac070c5aedf35cb865c3a2	3	api/index.js;readme.md;src/fetchStats.js
anuraghazra__github-readme-stats-117	js	anuraghazra/github-readme-stats	NA	9fb28c91126d798b9f489dc25d0055b805cd40e6	4	api/index.js;api/pin.js;src/renderRepoCard.js;src/utils.js
anuraghazra__github-readme-stats-105	js	anuraghazra/github-readme-stats	NA	b4a9bd4468cfddfac0b556c16ead03f0683a2656	7	api/index.js;api/pin.js;readme.md;src/renderRepoCard.js;src/renderStatsCard.js;src/utils.js;themes/index.js
anuraghazra__github-readme-stats-99	js	anuraghazra/github-readme-stats	NA	b039fa16afedf91cc9044f790ec63f23dbfa0299	2	src/fetchRepo.js;src/renderRepoCard.js
anuraghazra__github-readme-stats-88	js	anuraghazra/github-readme-stats	NA	96f89ad2b7ef282b3dc15642e3c658af86972b19	3	api/index.js;readme.md;src/renderStatsCard.js
anuraghazra__github-readme-stats-58	js	anuraghazra/github-readme-stats	NA	2efb399f33d8f3dca7eb156404598384f419cb8b	6	api/index.js;api/pin.js;src/fetchRepo.js;src/fetchStats.js;src/retryer.js;src/utils.js
axios__axios-5919	js	axios/axios	NA	bc9af51b1886d1b3529617702f2a21a6c0ed5d92	2	lib/adapters/adapters.js;lib/defaults/index.js
axios__axios-5661	js	axios/axios	NA	0abc70564746496eb211bbd951041b4655aec268	1	lib/utils.js
axios__axios-5338	js	axios/axios	NA	7fbfbbeff69904cd64e8ac62da8969a1e633ee23	11	index.d.cts;index.d.ts;lib/core/Axios.js;lib/defaults/index.js;lib/helpers/AxiosURLSearchParams.js;lib/helpers/Serializers.js;lib/helpers/buildURL.js;lib/helpers/toFormData.js;lib/helpers/toURLEncodedForm.js;lib/utils.js;package.json
axios__axios-5085	js	axios/axios	NA	85740c3e7a1fa48346dfcbd4497f463ccb1c1b05	2	index.d.ts;lib/core/AxiosHeaders.js
expressjs__express-5555	js	expressjs/express	NA	a1fa90fcea7d8e844e1c9938ad095d62669c3abd	2	History.md;lib/response.js
expressjs__express-3870	js	expressjs/express	NA	dc538f6e810bd462c98ee7e6aae24c64d4b1da93	1	lib/application.js
expressjs__express-3695	js	expressjs/express	NA	3ed5090ca91f6a387e66370d57ead94d886275e1	1	lib/router/layer.js
expressjs__express-3495	js	expressjs/express	NA	8da51108e7bb501344c537d3f1f846a7477ae329	2	History.md;lib/request.js
iamkun__dayjs-2532	js	iamkun/dayjs	NA	f4cb2cfd77246116cb4151c74ca2f600a17cd951	1	src/index.js
iamkun__dayjs-2420	js	iamkun/dayjs	NA	a9d7d0398d22ebd4bfc3812ca0134a97606d54d9	1	src/plugin/timezone/index.js
iamkun__dayjs-2399	js	iamkun/dayjs	NA	a9d7d0398d22ebd4bfc3812ca0134a97606d54d9	1	src/index.js
iamkun__dayjs-2377	js	iamkun/dayjs	NA	f0a0b546b074b3b511c2319a1ce83d412894b91f	1	src/plugin/duration/index.js
iamkun__dayjs-2369	js	iamkun/dayjs	NA	f0a0b546b074b3b511c2319a1ce83d412894b91f	1	src/plugin/duration/index.js
iamkun__dayjs-2367	js	iamkun/dayjs	NA	1fe1b1d9a214d3b8c9f267b432801424a493f1c4	1	src/plugin/duration/index.js
iamkun__dayjs-2231	js	iamkun/dayjs	NA	e70bee7f840c89ec523b9ac997e5ac621a522726	1	src/index.js
iamkun__dayjs-2175	js	iamkun/dayjs	NA	e4468a46de423e7590f045a9e0f4b4a7251298e0	1	src/plugin/objectSupport/index.js
iamkun__dayjs-1964	js	iamkun/dayjs	NA	3d316117f04362d31f4e8bd349620b8414ce5d0c	3	src/locale/ar-ly.js;src/locale/mr.js;src/locale/sl.js
iamkun__dayjs-1954	js	iamkun/dayjs	NA	74e82b9da5ec8b90361fc27ac7c8b63faf354502	7	src/locale/ar-dz.js;src/locale/ar-iq.js;src/locale/ar-kw.js;src/locale/ar-ly.js;src/locale/ar-ma.js;src/locale/ar-sa.js;src/locale/ar-tn.js
iamkun__dayjs-1953	js	iamkun/dayjs	NA	cbe91fd1087767337ff1089325c96bf2a1915eac	1	src/index.js
iamkun__dayjs-1725	js	iamkun/dayjs	NA	5a108ff3159c53fd270ea7638f33c35c934d6457	1	src/locale/ku.js
iamkun__dayjs-1611	js	iamkun/dayjs	NA	f68e4b1a29fc33542f74cde10ec6d9fb045ca37e	1	src/plugin/duration/index.js
iamkun__dayjs-1567	js	iamkun/dayjs	NA	b5e40e6f16abeaea6a0facfa466d20aefaa8a444	1	src/plugin/customParseFormat/index.js
iamkun__dayjs-1502	js	iamkun/dayjs	NA	06f88f425828b1ce96b737332d25145a95a4ee9d	1	src/locale/bg.js
iamkun__dayjs-1470	js	iamkun/dayjs	NA	0fdac93ff2531542301b76952be9b084b2e2dfa0	1	src/index.js
iamkun__dayjs-1414	js	iamkun/dayjs	NA	b1abdc40ee6c9d18ff46c311a114e0755677ea6f	4	src/locale/es-do.js;src/locale/es-pr.js;src/locale/es-us.js;src/locale/es.js
iamkun__dayjs-1321	js	iamkun/dayjs	NA	344bdc0eed6843edb05723dc7853a41833d88f08	1	src/plugin/customParseFormat/index.js
iamkun__dayjs-1319	js	iamkun/dayjs	NA	cc993f0a8d18d33c0137616b80adc86127ba3424	1	src/plugin/weekYear/index.js
iamkun__dayjs-1307	js	iamkun/dayjs	NA	bfaabe4f398c11564eca6cda7c8aded22e1b231a	1	src/constant.js
iamkun__dayjs-1295	js	iamkun/dayjs	NA	de49bb100badfb92b9a5933cc568841f340a923f	1	src/constant.js
iamkun__dayjs-1209	js	iamkun/dayjs	NA	9544ed2a6c466b8308d26b33a388a6737435a1f4	1	src/plugin/customParseFormat/index.js
iamkun__dayjs-1202	js	iamkun/dayjs	NA	9544ed2a6c466b8308d26b33a388a6737435a1f4	3	src/constant.js;src/plugin/duration/index.js;types/plugin/duration.d.ts
iamkun__dayjs-1201	js	iamkun/dayjs	NA	ed9629b5ab2895652111fc854e6081422ed5c010	1	src/plugin/utc/index.js
iamkun__dayjs-1161	js	iamkun/dayjs	NA	9a407a140b089345a387d1aceab4d0d1635229c7	2	src/plugin/timezone/index.js;types/plugin/timezone.d.ts
iamkun__dayjs-1160	js	iamkun/dayjs	NA	1d429e5fe4467ebddcf81b43cf6f36e5e3be944c	2	src/plugin/timezone/index.js;types/plugin/timezone.d.ts
iamkun__dayjs-1112	js	iamkun/dayjs	NA	7937ccdeac47d094a60e65ebb62a6020b81c46f4	1	src/locale/hu.js
iamkun__dayjs-1047	js	iamkun/dayjs	NA	cdc49a1911c74b7ea96ed222f42796d53715cfed	4	.gitignore;build/index.js;src/locale/bi.js;src/locale/en.js
iamkun__dayjs-1023	js	iamkun/dayjs	NA	a09d259a407b81d1cb6bb5623fad551c775d8674	1	src/utils.js
iamkun__dayjs-1019	js	iamkun/dayjs	NA	e1890c969122c677350af2f457b7066d1fcf787a	1	src/plugin/localeData/index.js
iamkun__dayjs-1010	js	iamkun/dayjs	NA	5a465cc90c0ace55268b2640512d0a4c6544ac7f	2	src/constant.js;src/index.js
iamkun__dayjs-1008	js	iamkun/dayjs	NA	5a465cc90c0ace55268b2640512d0a4c6544ac7f	1	src/plugin/duration/index.js
iamkun__dayjs-973	js	iamkun/dayjs	NA	70c123990dcc6bd479fa2b5d7f9985127872a826	2	src/plugin/utc/index.js;types/plugin/utc.d.ts
iamkun__dayjs-957	js	iamkun/dayjs	NA	14ab808a7b7e226f2eb2cbe894916a18ed5d967d	1	src/index.js
iamkun__dayjs-950	js	iamkun/dayjs	NA	81d4740511d47e34f891b21afeb0449ef8a28688	1	src/plugin/duration/index.js
iamkun__dayjs-938	js	iamkun/dayjs	NA	72cdb20552dd5af6c2295bf52075ba19cceb000f	1	src/plugin/localeData/index.js
iamkun__dayjs-918	js	iamkun/dayjs	NA	a08756e80bd1d7126fca28c5ad9e382613fc86c4	1	src/plugin/customParseFormat/index.js
iamkun__dayjs-889	js	iamkun/dayjs	NA	db642ac73e52e00d8c41546b2935c9e691cf66e0	1	src/plugin/duration/index.js
iamkun__dayjs-882	js	iamkun/dayjs	NA	bcea06730da2d19ddbad844de3557ee077af821c	3	src/index.js;src/plugin/customParseFormat/index.js;src/plugin/utc/index.js
iamkun__dayjs-873	js	iamkun/dayjs	NA	62b092d9f9a3db5506ef01f798bdf211f163f53f	1	src/plugin/customParseFormat/index.js
iamkun__dayjs-872	js	iamkun/dayjs	NA	62b092d9f9a3db5506ef01f798bdf211f163f53f	2	src/index.js;src/plugin/utc/index.js
iamkun__dayjs-867	js	iamkun/dayjs	NA	3188e158ed4ebca6669b5464ff7d3d85bf1c8615	1	src/plugin/duration/index.js
iamkun__dayjs-858	js	iamkun/dayjs	NA	c39fb96e2a9102c14b004c14a6c073af9d266f2f	3	.gitignore;src/plugin/duration/index.js;types/plugin/duration.d.ts
iamkun__dayjs-857	js	iamkun/dayjs	NA	c39fb96e2a9102c14b004c14a6c073af9d266f2f	6	src/plugin/isToday/index.js;src/plugin/isTomorrow/index.js;src/plugin/isYesterday/index.js;types/plugin/isToday.d.ts;types/plugin/isTomorrow.d.ts;types/plugin/isYesterday.d.ts
iamkun__dayjs-745	js	iamkun/dayjs	NA	15d1b813e7faf5a1f9d1ea6fc673fd27ac49d8b1	1	src/locale/sv.js
iamkun__dayjs-734	js	iamkun/dayjs	NA	9ad2e47e0569b23991bb0d5578f49c792c12df08	1	src/plugin/localeData/index.js
iamkun__dayjs-668	js	iamkun/dayjs	NA	4c862f682e763c5ad27ebc2492f7a40d0030ea4f	3	src/index.js;src/plugin/utc/index.js;types/plugin/utc.d.ts
iamkun__dayjs-658	js	iamkun/dayjs	NA	95e70b41e3be6882b0d2ba6c06aa8ad767873024	1	src/plugin/weekOfYear/index.js
iamkun__dayjs-602	js	iamkun/dayjs	NA	1761ebab0fbba36e401624379289e3777312d9b1	2	src/index.js;src/plugin/localeData/index.js
iamkun__dayjs-591	js	iamkun/dayjs	NA	de14682fa5e5815d73ae3d377b499321648c20ba	1	src/plugin/quarterOfYear/index.js
iamkun__dayjs-589	js	iamkun/dayjs	NA	de14682fa5e5815d73ae3d377b499321648c20ba	1	src/plugin/quarterOfYear/index.js
iamkun__dayjs-569	js	iamkun/dayjs	NA	ffffacffd02132aefa0ed811092a02eb7f80d10f	14	docs/en/API-reference.md;docs/en/Plugin.md;docs/es-es/API-reference.md;docs/es-es/Plugin.md;docs/ja/API-reference.md;docs/ja/Plugin.md;docs/ko/API-reference.md;docs/ko/Plugin.md;docs/pt-br/API-reference.md;docs/pt-br/Plugin.md;docs/zh-cn/API-reference.md;docs/zh-cn/Plugin.md;src/plugin/weekday/index.js;types/plugin/weekday.d.ts
iamkun__dayjs-556	js	iamkun/dayjs	NA	566873acbdb562ff6354d255579eb323777d86f2	2	src/plugin/advancedFormat/index.js;src/plugin/buddhistEra/index.js
iamkun__dayjs-379	js	iamkun/dayjs	NA	142b763ffa69ba116827c99cf10b661865b9dd20	6	docs/en/I18n.md;docs/ja/I18n.md;docs/ko/I18n.md;docs/pt-br/I18n.md;docs/zh-cn/I18n.md;src/index.js
iamkun__dayjs-337	js	iamkun/dayjs	NA	36c4e94f014a78c186b354f003c048fdb5562464	2	docs/en/API-reference.md;src/index.js
iamkun__dayjs-318	js	iamkun/dayjs	NA	b14bdd16498fabfd94687aa778e8e11261c858e2	4	src/constant.js;src/index.js;src/locale/es.js;src/locale/fr.js
sveltejs__svelte-15115	js	sveltejs/svelte	NA	357e1a74b4af25c3e3839d303cc3d8d239d43087	2	.changeset/strong-shoes-whisper.md;packages/svelte/src/compiler/phases/2-analyze/visitors/CallExpression.js
sveltejs__svelte-15086	js	sveltejs/svelte	NA	09510c8c5c0888578446781e54f2229428e21bfc	4	.changeset/two-doors-exercise.md;packages/svelte/src/compiler/phases/3-transform/client/visitors/RegularElement.js;packages/svelte/src/compiler/phases/3-transform/client/visitors/shared/fragment.js;packages/svelte/src/compiler/phases/nodes.js
sveltejs__svelte-15083	js	sveltejs/svelte	NA	09510c8c5c0888578446781e54f2229428e21bfc	2	.changeset/pink-wolves-search.md;packages/svelte/src/utils.js
sveltejs__svelte-15057	js	sveltejs/svelte	NA	eee808fb79cfb182df7285b7107d5f7d2bee44d1	2	.changeset/dirty-sloths-move.md;packages/svelte/src/internal/client/dom/elements/attributes.js
sveltejs__svelte-15020	js	sveltejs/svelte	NA	1d3c4397b2f7fe01b3e5983e647f5a27dd63e67c	3	.changeset/violet-apes-punch.md;packages/svelte/src/compiler/phases/1-parse/read/expression.js;packages/svelte/src/compiler/phases/2-analyze/visitors/BindDirective.js
sveltejs__svelte-15013	js	sveltejs/svelte	NA	dfa97a5e643655d919a7c6ff80fb3841fe1111f9	2	.changeset/sour-pots-wonder.md;packages/svelte/src/internal/client/dom/elements/bindings/media.js
sveltejs__svelte-14993	js	sveltejs/svelte	NA	8a1acac084096d9c9bd15a1356d3251383e8d258	4	.changeset/curvy-lies-rush.md;documentation/docs/03-template-syntax/09-@const.md;packages/svelte/src/compiler/phases/2-analyze/visitors/ConstTag.js;packages/svelte/src/compiler/phases/3-transform/client/visitors/SvelteBoundary.js
sveltejs__svelte-14942	js	sveltejs/svelte	NA	4aadb34c02dc6afce56bb0f66bbac117ac56c4e8	2	.changeset/gold-olives-care.md;packages/svelte/src/transition/index.js
sveltejs__svelte-14937	js	sveltejs/svelte	NA	a1f371e78656f951ad75945493a798716ecc92c4	2	.changeset/cold-cups-act.md;packages/svelte/src/motion/tweened.js
sveltejs__svelte-14935	js	sveltejs/svelte	NA	a1f371e78656f951ad75945493a798716ecc92c4	2	.changeset/quiet-planets-carry.md;packages/svelte/src/utils.js
sveltejs__svelte-14907	js	sveltejs/svelte	NA	ed26c3f658acb0292f06e6a437d42bb64e804447	2	.changeset/happy-candles-clean.md;packages/svelte/src/compiler/phases/3-transform/client/visitors/RegularElement.js
sveltejs__svelte-14811	js	sveltejs/svelte	NA	32348a5387ed8607e4bd688eddd3aa87c17abc21	7	.changeset/silver-shoes-rule.md;packages/svelte/src/ambient.d.ts;packages/svelte/src/internal/client/dev/tracing.js;packages/svelte/src/internal/client/reactivity/sources.js;packages/svelte/src/internal/client/reactivity/types.d.ts;packages/svelte/src/internal/client/runtime.js;packages/svelte/types/index.d.ts
sveltejs__svelte-14699	js	sveltejs/svelte	NA	61a0da8a5fdf5ac86431ceadfae0f54d38dc9a66	2	.changeset/cold-cows-enjoy.md;packages/svelte/src/reactivity/media-query.js
sveltejs__svelte-14691	js	sveltejs/svelte	NA	8ba1b9ddd0bc65b9a790030aa8b7c73ae2990543	8	.changeset/twelve-hairs-marry.md;packages/svelte/src/compiler/index.js;packages/svelte/src/compiler/phases/1-parse/index.js;packages/svelte/src/compiler/phases/1-parse/read/expression.js;packages/svelte/src/compiler/phases/1-parse/state/element.js;packages/svelte/src/compiler/phases/1-parse/state/tag.js;packages/svelte/src/compiler/phases/1-parse/utils/bracket.js;packages/svelte/types/index.d.ts
sveltejs__svelte-14677	js	sveltejs/svelte	NA	b0374f8863538c7ae9d035c00c824b7c043bb4e0	2	.changeset/olive-pillows-fetch.md;packages/svelte/src/compiler/phases/3-transform/css/index.js
sveltejs__svelte-14640	js	sveltejs/svelte	NA	ef8bd6adeb238f2d8ccc8c04547e9e16cb932c25	2	.changeset/silent-tips-cover.md;packages/svelte/src/internal/client/dom/elements/attributes.js
sveltejs__svelte-14629	js	sveltejs/svelte	NA	c66bf178aae18c2b4d8ac189a48cf10c47e4d417	16	.changeset/breezy-feet-knock.md;packages/svelte/scripts/process-messages/index.js;packages/svelte/scripts/process-messages/templates/client-errors.js;packages/svelte/scripts/process-messages/templates/client-warnings.js;packages/svelte/scripts/process-messages/templates/compile-errors.js;packages/svelte/scripts/process-messages/templates/compile-warnings.js;packages/svelte/scripts/process-messages/templates/server-errors.js;packages/svelte/scripts/process-messages/templates/shared-errors.js;packages/svelte/scripts/process-messages/templates/shared-warnings.js;packages/svelte/src/compiler/errors.js;packages/svelte/src/compiler/warnings.js;packages/svelte/src/internal/client/errors.js;packages/svelte/src/internal/client/warnings.js;packages/svelte/src/internal/server/errors.js;packages/svelte/src/internal/shared/errors.js;packages/svelte/src/internal/shared/warnings.js
sveltejs__svelte-14626	js	sveltejs/svelte	NA	c1c59e77a54109e6dd868e8ee7884caf9a275f5a	2	.changeset/green-pandas-study.md;packages/svelte/src/compiler/phases/2-analyze/visitors/BindDirective.js
sveltejs__svelte-14620	js	sveltejs/svelte	NA	c1c59e77a54109e6dd868e8ee7884caf9a275f5a	2	.changeset/four-carrots-burn.md;packages/svelte/src/compiler/phases/2-analyze/index.js
sveltejs__svelte-14607	js	sveltejs/svelte	NA	1a0b822f4826b82454962a94c072519530b7c126	2	.changeset/stupid-buckets-drum.md;packages/svelte/src/compiler/phases/3-transform/client/visitors/ClassBody.js
sveltejs__svelte-14597	js	sveltejs/svelte	NA	08e2cf25b03707f4ca6e44a1e6ca0480190c14a1	2	.changeset/rare-cheetahs-laugh.md;packages/svelte/src/internal/client/dom/blocks/if.js
sveltejs__svelte-14577	js	sveltejs/svelte	NA	60c0dc7a2dd1cef1f71c5a9176e52bf8a001d5e0	2	.changeset/red-worms-suffer.md;packages/svelte/src/compiler/phases/3-transform/css/index.js
sveltejs__svelte-14575	js	sveltejs/svelte	NA	6a6b4ec36a11bb4434311c4735ff846b79c00ba0	3	.changeset/little-berries-worry.md;packages/svelte/src/compiler/phases/3-transform/client/visitors/shared/component.js;packages/svelte/src/compiler/phases/3-transform/server/visitors/shared/component.js
sveltejs__svelte-14562	js	sveltejs/svelte	NA	4b802dbed328178263aaf2f1e967655f53be2399	2	.changeset/cool-clocks-film.md;packages/svelte/src/internal/client/dom/elements/attributes.js
sveltejs__svelte-14554	js	sveltejs/svelte	NA	4aadb34c02dc6afce56bb0f66bbac117ac56c4e8	5	.changeset/clean-planets-rush.md;documentation/docs/98-reference/.generated/compile-errors.md;packages/svelte/messages/compile-errors/template.md;packages/svelte/src/compiler/errors.js;packages/svelte/src/compiler/phases/1-parse/read/context.js
sveltejs__svelte-14546	js	sveltejs/svelte	NA	4c4f18b24c644f7e17cd9fea7fde777f3324e206	2	.changeset/itchy-cooks-yawn.md;packages/svelte/src/internal/client/dom/elements/attributes.js
sveltejs__svelte-14494	js	sveltejs/svelte	NA	99b4cfbb510af722d3d111dac4d0059766ba6610	2	.changeset/popular-dogs-exist.md;packages/svelte/src/compiler/phases/2-analyze/css/css-prune.js
sveltejs__svelte-14468	js	sveltejs/svelte	NA	c4ac0e01e75eb20e99f6a31e974c6bc5b5f00dc7	3	.changeset/brave-keys-rescue.md;packages/svelte/src/compiler/phases/2-analyze/visitors/ExpressionTag.js;packages/svelte/src/compiler/phases/2-analyze/visitors/Text.js
sveltejs__svelte-14456	js	sveltejs/svelte	NA	e9ff665bead20d84df4464526a026b2070f3278a	11	.changeset/twelve-squids-wink.md;packages/svelte/src/compiler/phases/1-parse/state/tag.js;packages/svelte/src/compiler/phases/2-analyze/css/css-prune.js;packages/svelte/src/compiler/phases/2-analyze/css/utils.js;packages/svelte/src/compiler/phases/2-analyze/index.js;packages/svelte/src/compiler/phases/2-analyze/visitors/RenderTag.js;packages/svelte/src/compiler/phases/2-analyze/visitors/SnippetBlock.js;packages/svelte/src/compiler/phases/2-analyze/visitors/shared/component.js;packages/svelte/src/compiler/phases/2-analyze/visitors/shared/snippets.js;packages/svelte/src/compiler/phases/types.d.ts;packages/svelte/src/compiler/types/template.d.ts
sveltejs__svelte-14448	js	sveltejs/svelte	NA	1a8aab0e384c5706a9cf34aba69f56b050b1e549	2	.changeset/big-hats-wonder.md;packages/svelte/src/compiler/phases/3-transform/css/index.js
sveltejs__svelte-14445	js	sveltejs/svelte	NA	f2eed15c021b038a77cb97e71c565823ef2c16fb	12	.changeset/green-pumpkins-ring.md;documentation/docs/98-reference/.generated/compile-errors.md;documentation/docs/98-reference/.generated/compile-warnings.md;packages/svelte/messages/compile-errors/template.md;packages/svelte/messages/compile-warnings/template.md;packages/svelte/src/compiler/errors.js;packages/svelte/src/compiler/phases/2-analyze/visitors/ExpressionTag.js;packages/svelte/src/compiler/phases/2-analyze/visitors/RegularElement.js;packages/svelte/src/compiler/phases/2-analyze/visitors/Text.js;packages/svelte/src/compiler/warnings.js;packages/svelte/src/html-tree-validation.js;packages/svelte/src/internal/server/dev.js
sveltejs__svelte-14440	js	sveltejs/svelte	NA	4f0dde52077478349762f4c7ba53568905426420	2	.changeset/breezy-insects-live.md;packages/svelte/src/internal/client/dom/blocks/await.js
sveltejs__svelte-14378	js	sveltejs/svelte	NA	9d12fd1a01d7020855122a8bfb5a35a3dd4e1c8f	2	.changeset/tiny-trainers-sleep.md;packages/svelte/src/compiler/phases/3-transform/client/visitors/AssignmentExpression.js
sveltejs__svelte-14353	js	sveltejs/svelte	NA	b145035a00525770abe9116e3887c050e19340ea	13	.changeset/dull-dogs-dream.md;packages/svelte/src/compiler/phases/3-transform/server/visitors/AwaitBlock.js;packages/svelte/src/compiler/phases/3-transform/server/visitors/EachBlock.js;packages/svelte/src/compiler/phases/3-transform/server/visitors/IfBlock.js;packages/svelte/src/compiler/phases/3-transform/server/visitors/shared/utils.js;packages/svelte/src/internal/server/blocks/html.js;packages/svelte/src/internal/server/hydration.js;packages/svelte/src/internal/server/index.js;packages/svelte/src/internal/server/types.d.ts;packages/svelte/src/server/index.d.ts;packages/svelte/src/server/index.js;packages/svelte/types/index.d.ts;sites/svelte-5-preview/src/lib/Output/Viewer.svelte
sveltejs__svelte-14349	js	sveltejs/svelte	NA	b145035a00525770abe9116e3887c050e19340ea	2	.changeset/wicked-grapes-flash.md;packages/svelte/src/internal/client/dom/elements/bindings/input.js
sveltejs__svelte-14317	js	sveltejs/svelte	NA	efc65d4e0c185cd597a6eeef013f6641b8e25d50	2	.changeset/rotten-turkeys-sniff.md;packages/svelte/src/compiler/phases/2-analyze/visitors/Attribute.js
sveltejs__svelte-14289	js	sveltejs/svelte	NA	ef640c3b461783aef983d091712b7e9271d2cc4d	11	.changeset/tidy-zebras-begin.md;documentation/docs/03-template-syntax/11-bind.md;packages/svelte/elements.d.ts;packages/svelte/src/compiler/phases/3-transform/client/visitors/RegularElement.js;packages/svelte/src/compiler/phases/3-transform/server/visitors/shared/element.js;packages/svelte/src/internal/client/dom/elements/attributes.js;packages/svelte/src/internal/client/dom/elements/bindings/input.js;packages/svelte/src/internal/client/dom/elements/bindings/select.js;packages/svelte/src/internal/client/dom/elements/bindings/shared.js;packages/svelte/src/internal/client/index.js;packages/svelte/src/utils.js
sveltejs__svelte-14276	js	sveltejs/svelte	NA	36ece1c38114a7d1b4177829f76201eaeef7a6f4	2	.changeset/plenty-hairs-kneel.md;packages/svelte/src/compiler/phases/2-analyze/css/utils.js
sveltejs__svelte-14273	js	sveltejs/svelte	NA	a65e68ca37d171663feec99382efd46e7cea364f	7	.changeset/shaggy-spies-happen.md;documentation/docs/98-reference/.generated/client-warnings.md;packages/svelte/messages/client-warnings/warnings.md;packages/svelte/src/compiler/phases/3-transform/client/visitors/AssignmentExpression.js;packages/svelte/src/internal/client/dev/assign.js;packages/svelte/src/internal/client/index.js;packages/svelte/src/internal/client/warnings.js
sveltejs__svelte-14260	js	sveltejs/svelte	NA	ae9f53a3bde79e8777e865acac3b99612c2cec71	2	.changeset/afraid-donuts-whisper.md;packages/svelte/src/compiler/migrate/index.js
sveltejs__svelte-14236	js	sveltejs/svelte	NA	4bcd01b9941c7ba393738b5e038d9f4ad96b3bbd	2	.changeset/bright-papayas-sneeze.md;packages/svelte/src/compiler/phases/2-analyze/index.js
sveltejs__svelte-14224	js	sveltejs/svelte	NA	438de04fb2a753287bfd9fd420711cc7cd971012	2	.changeset/lazy-chefs-float.md;packages/svelte/src/compiler/migrate/index.js
sveltejs__svelte-14222	js	sveltejs/svelte	NA	438de04fb2a753287bfd9fd420711cc7cd971012	2	.changeset/seven-clocks-pull.md;packages/svelte/src/compiler/migrate/index.js
sveltejs__svelte-14216	js	sveltejs/svelte	NA	53af138d588f77bb8f4f10f9ad15fd4f798b50ef	2	.changeset/chatty-gorillas-poke.md;packages/svelte/src/compiler/migrate/index.js
sveltejs__svelte-14213	js	sveltejs/svelte	NA	ea0d80e1950b5c62547c69a26c823282e8d88ad3	2	.changeset/four-jobs-care.md;packages/svelte/src/compiler/phases/2-analyze/css/css-prune.js
sveltejs__svelte-14210	js	sveltejs/svelte	NA	312dd51acc44d92ab855f7eaf15d2d9150c0a6f3	5	.changeset/fresh-pigs-divide.md;packages/svelte/src/internal/client/constants.js;packages/svelte/src/internal/client/reactivity/props.js;packages/svelte/src/internal/client/validate.js;packages/svelte/src/legacy/legacy-client.js
sveltejs__svelte-14195	js	sveltejs/svelte	NA	44a833fafee1dc760dfc6f18f2e699b74cb4baea	2	.changeset/giant-waves-act.md;packages/svelte/src/compiler/phases/2-analyze/index.js
sveltejs__svelte-14153	js	sveltejs/svelte	NA	3d67cd53dbee6079834e208de4f65861798a3131	2	.changeset/four-countries-taste.md;packages/svelte/src/compiler/phases/1-parse/remove_typescript_nodes.js
sveltejs__svelte-14143	js	sveltejs/svelte	NA	551284ca2259d934d34b71a38071d85684bd6d4f	3	.changeset/mean-seas-give.md;.changeset/purple-owls-hug.md;packages/svelte/src/compiler/migrate/index.js
sveltejs__svelte-14134	js	sveltejs/svelte	NA	a952860232203cbb3228387f5a3e70de28192796	4	.changeset/modern-pets-punch.md;packages/svelte/src/compiler/phases/2-analyze/types.d.ts;packages/svelte/src/compiler/phases/2-analyze/visitors/RegularElement.js;packages/svelte/src/compiler/phases/2-analyze/visitors/shared/component.js
sveltejs__svelte-14101	js	sveltejs/svelte	NA	e7d68d8c10d4864cb4c58cd86f6076c187b22ec0	2	.changeset/polite-timers-tell.md;packages/svelte/src/compiler/phases/2-analyze/visitors/SvelteElement.js
sveltejs__svelte-14007	js	sveltejs/svelte	NA	777d059b10ded7e0e4af0cfb837c9e00864b3ec2	3	.changeset/wild-oranges-promise.md;packages/svelte/src/compiler/phases/2-analyze/visitors/shared/utils.js;packages/svelte/src/compiler/phases/scope.js
sveltejs__svelte-13866	js	sveltejs/svelte	NA	60dcffb8564bfcc1401ae4c934c742e31a24bc2f	2	.changeset/tasty-students-peel.md;packages/svelte/src/compiler/phases/2-analyze/css/css-prune.js
sveltejs__svelte-13850	js	sveltejs/svelte	NA	86ef18165f35d132f77b711263f00899f8134554	2	.changeset/sour-feet-carry.md;packages/svelte/src/compiler/migrate/index.js
sveltejs__svelte-13849	js	sveltejs/svelte	NA	86ef18165f35d132f77b711263f00899f8134554	3	.changeset/nine-pigs-approve.md;packages/svelte/src/internal/client/reactivity/props.js;packages/svelte/src/internal/server/index.js
sveltejs__svelte-13824	js	sveltejs/svelte	NA	7ecc6c076ca5aa5174882abd80837a1fcc0b1cad	2	.changeset/strong-feet-happen.md;packages/svelte/src/compiler/phases/2-analyze/css/css-prune.js
sveltejs__svelte-13774	js	sveltejs/svelte	NA	4a0c90e87de3bf1b1d74f287049bc018565d65e1	2	.changeset/rare-apes-dream.md;packages/svelte/src/internal/client/reactivity/effects.js
sveltejs__svelte-13763	js	sveltejs/svelte	NA	41d61c7a375bb193547e3044dbbf8f78a201e871	4	.changeset/red-coats-grin.md;packages/svelte/src/compiler/phases/3-transform/client/visitors/RegularElement.js;packages/svelte/src/compiler/phases/3-transform/client/visitors/SvelteElement.js;packages/svelte/src/compiler/phases/3-transform/client/visitors/shared/element.js
sveltejs__svelte-13760	js	sveltejs/svelte	NA	ef205d960e1ad723a883afc0df75a57454f151fc	2	.changeset/five-dingos-push.md;packages/svelte/src/compiler/migrate/index.js
sveltejs__svelte-13750	js	sveltejs/svelte	NA	28c8d2b95dcd8b8098dbdf4b28c9ff5fc815ddff	2	.changeset/five-zoos-brush.md;packages/svelte/src/compiler/phases/2-analyze/css/css-prune.js
sveltejs__svelte-13746	js	sveltejs/svelte	NA	2efae794b893d4b852cfd0a1ad656f2d6ad83d03	2	.changeset/moody-kids-brake.md;packages/svelte/src/compiler/phases/3-transform/css/index.js
sveltejs__svelte-13734	js	sveltejs/svelte	NA	41b5cd6f5daae3970a9927e062f42b6b62440d16	3	.changeset/tidy-spies-beg.md;packages/svelte/src/compiler/phases/3-transform/client/visitors/shared/component.js;packages/svelte/src/compiler/phases/3-transform/server/visitors/shared/component.js
sveltejs__svelte-13698	js	sveltejs/svelte	NA	0fdfd9c50cbc236d80995721176237243ca11ff4	2	.changeset/sweet-melons-itch.md;packages/svelte/src/compiler/migrate/index.js
sveltejs__svelte-13690	js	sveltejs/svelte	NA	fb052be96e6c2a38a74f3f595072f38128744c48	2	.changeset/sharp-tigers-notice.md;packages/svelte/src/compiler/phases/3-transform/client/visitors/DebugTag.js
sveltejs__svelte-13679	js	sveltejs/svelte	NA	894b1c37ad524dca9d2527fc761d56b478b7dd7a	2	.changeset/ten-vans-divide.md;packages/svelte/src/compiler/migrate/index.js
sveltejs__svelte-13668	js	sveltejs/svelte	NA	969e6aa750a4dccf3566fd4b12545f83e2492c72	2	.changeset/nasty-teachers-end.md;packages/svelte/src/compiler/migrate/index.js
sveltejs__svelte-13656	js	sveltejs/svelte	NA	d93ad3ba1e8c28c2facaec49e19d2ac1ed577e9f	2	.changeset/new-parrots-pay.md;packages/svelte/src/compiler/migrate/index.js
sveltejs__svelte-13646	js	sveltejs/svelte	NA	372884cf99420dd9d343a4ad78f6aa540a4df289	2	.changeset/eight-pans-worry.md;packages/svelte/src/internal/client/dom/blocks/svelte-component.js
sveltejs__svelte-13632	js	sveltejs/svelte	NA	f579a3ba7d8f088d1d4f8625758e5e5598c9ebfa	2	.changeset/spotty-kings-hug.md;packages/svelte/src/compiler/migrate/index.js
sveltejs__svelte-13630	js	sveltejs/svelte	NA	f579a3ba7d8f088d1d4f8625758e5e5598c9ebfa	2	.changeset/popular-dolphins-shake.md;packages/svelte/src/compiler/migrate/index.js
sveltejs__svelte-13617	js	sveltejs/svelte	NA	76067a5fbcf15143b0c0f9d60234f4560d0966c7	2	.changeset/cool-apes-confess.md;packages/svelte/src/compiler/migrate/index.js
sveltejs__svelte-13589	js	sveltejs/svelte	NA	eb6488cd905c1d5bc9a88bed4e1716cbb88fd14a	5	.changeset/green-cameras-bake.md;packages/svelte/src/compiler/phases/2-analyze/css/css-prune.js;packages/svelte/src/compiler/phases/2-analyze/index.js;packages/svelte/src/compiler/phases/2-analyze/visitors/RenderTag.js;packages/svelte/src/compiler/phases/types.d.ts
sveltejs__svelte-13586	js	sveltejs/svelte	NA	6534f507ce0a39b50b851d67868a1716cca6efae	4	.changeset/friendly-mice-perform.md;packages/svelte/src/internal/client/constants.js;packages/svelte/src/internal/client/reactivity/effects.js;packages/svelte/src/internal/client/runtime.js
sveltejs__svelte-13568	js	sveltejs/svelte	NA	eb6488cd905c1d5bc9a88bed4e1716cbb88fd14a	5	.changeset/nervous-squids-drop.md;packages/svelte/src/compiler/phases/2-analyze/css/css-prune.js;packages/svelte/src/compiler/phases/3-transform/css/index.js;packages/svelte/src/compiler/types/css.d.ts;sites/svelte-5-preview/src/routes/docs/content/03-appendix/02-breaking-changes.md
sveltejs__svelte-13559	js	sveltejs/svelte	NA	d220edd75439fde00a60145b78ba7cc6d707f210	2	.changeset/afraid-worms-clean.md;packages/svelte/src/compiler/phases/3-transform/client/visitors/UseDirective.js
sveltejs__svelte-13553	js	sveltejs/svelte	NA	6776947ae85e58a2a947d1ce3143b4af3f799466	3	.changeset/loud-walls-wave.md;packages/svelte/src/internal/client/dom/blocks/each.js;packages/svelte/src/internal/server/index.js
sveltejs__svelte-13540	js	sveltejs/svelte	NA	8148e63ced607f13bf4f5e4a88ee90d91200b2f5	2	.changeset/chilly-glasses-retire.md;packages/svelte/src/html-tree-validation.js
sveltejs__svelte-13526	js	sveltejs/svelte	NA	db305a07f25ad7370e7ee96f5d3d73ba575ea712	6	.changeset/giant-ladybugs-thank.md;packages/svelte/src/compiler/phases/2-analyze/index.js;packages/svelte/src/compiler/phases/3-transform/client/transform-client.js;packages/svelte/src/compiler/phases/3-transform/client/visitors/VariableDeclaration.js;packages/svelte/src/internal/client/dom/legacy/lifecycle.js;packages/svelte/src/internal/client/reactivity/sources.js
sveltejs__svelte-13473	js	sveltejs/svelte	NA	b665425e5d2e41c11b3f3fd56e78b515709401c4	2	.changeset/real-timers-complain.md;packages/svelte/src/compiler/migrate/index.js
sveltejs__svelte-13461	js	sveltejs/svelte	NA	b665425e5d2e41c11b3f3fd56e78b515709401c4	2	.changeset/great-dots-wonder.md;packages/svelte/src/compiler/migrate/index.js
sveltejs__svelte-13456	js	sveltejs/svelte	NA	b665425e5d2e41c11b3f3fd56e78b515709401c4	3	.changeset/large-rules-hang.md;packages/svelte/src/compiler/migrate/index.js;packages/svelte/src/compiler/phases/3-transform/client/transform-client.js
sveltejs__svelte-13445	js	sveltejs/svelte	NA	33ee958087d5110ee4aee4b1f1cb30c7ac30a186	1	packages/svelte/src/compiler/phases/2-analyze/css/css-analyze.js
sveltejs__svelte-13437	js	sveltejs/svelte	NA	33ee958087d5110ee4aee4b1f1cb30c7ac30a186	5	.changeset/good-vans-bake.md;packages/svelte/src/compiler/migrate/index.js;packages/svelte/src/compiler/phases/1-parse/state/element.js;packages/svelte/src/compiler/phases/2-analyze/visitors/SvelteComponent.js;packages/svelte/src/compiler/phases/scope.js
sveltejs__svelte-13427	js	sveltejs/svelte	NA	d87bf178c51c1edea94eeb854cef2bf05bd02688	9	.changeset/neat-ways-allow.md;packages/svelte/src/compiler/phases/3-transform/client/visitors/SlotElement.js;packages/svelte/src/compiler/phases/3-transform/client/visitors/shared/component.js;packages/svelte/src/compiler/phases/3-transform/server/visitors/SlotElement.js;packages/svelte/src/compiler/phases/3-transform/server/visitors/shared/component.js;packages/svelte/src/internal/client/dom/blocks/slot.js;packages/svelte/src/internal/client/dom/legacy/misc.js;packages/svelte/src/internal/client/index.js;packages/svelte/src/internal/server/index.js
sveltejs__svelte-13416	js	sveltejs/svelte	NA	35ebbe61adfb09a780806d70f5c0067e6ebd78f7	3	.changeset/nervous-pans-call.md;packages/svelte/src/compiler/phases/3-transform/client/transform-client.js;packages/svelte/src/internal/client/validate.js
sveltejs__svelte-13411	js	sveltejs/svelte	NA	276443fe5e9d139cf89e18370367e97125b39a82	2	.changeset/nervous-chefs-exist.md;packages/svelte/src/compiler/phases/2-analyze/visitors/shared/a11y.js
sveltejs__svelte-13362	js	sveltejs/svelte	NA	c5fa0b46e1b74bce71332e08636d4f74496efc43	5	.changeset/perfect-avocados-greet.md;packages/svelte/src/compiler/migrate/index.js;packages/svelte/src/internal/client/dom/legacy/event-modifiers.js;packages/svelte/src/legacy/legacy-client.js;packages/svelte/types/index.d.ts
sveltejs__svelte-13333	js	sveltejs/svelte	NA	e4926d7507e128d2b13e2936131c10133fdbd920	4	.changeset/old-spoons-pull.md;packages/svelte/messages/compile-warnings/template.md;packages/svelte/src/compiler/phases/2-analyze/visitors/SvelteSelf.js;packages/svelte/src/compiler/warnings.js
sveltejs__svelte-13316	js	sveltejs/svelte	NA	b3842d79823ba713fd150c64f8896d4b3f03a00f	2	.changeset/hot-grapes-destroy.md;packages/svelte/src/compiler/phases/3-transform/client/transform-client.js
sveltejs__svelte-13291	js	sveltejs/svelte	NA	758fb2aa0fe6f12fcf7da384613fea183249f66c	2	.changeset/brave-candles-serve.md;packages/svelte/src/compiler/migrate/index.js
sveltejs__svelte-13265	js	sveltejs/svelte	NA	d9369d8e309640f71d7a8559dab8c5fb0ee982e4	2	.changeset/fuzzy-dancers-buy.md;packages/svelte/src/compiler/phases/2-analyze/visitors/Identifier.js
sveltejs__svelte-13262	js	sveltejs/svelte	NA	6ed45db20fdec3d43e833851281203af7b599533	3	.changeset/good-zebras-turn.md;packages/svelte/src/compiler/phases/3-transform/client/visitors/shared/utils.js;packages/svelte/src/compiler/phases/3-transform/server/visitors/shared/utils.js
sveltejs__svelte-13247	js	sveltejs/svelte	NA	501f4151909077020f26135a90425bf175b03c1d	4	.changeset/stale-rats-check.md;packages/svelte/messages/compile-errors/template.md;packages/svelte/src/compiler/errors.js;packages/svelte/src/compiler/phases/1-parse/read/options.js
sveltejs__svelte-13209	js	sveltejs/svelte	NA	91299b32ff4edf451cd3d912b208338dbfd117dd	2	.changeset/tough-snails-chew.md;packages/svelte/src/compiler/phases/2-analyze/css/css-prune.js
sveltejs__svelte-13198	js	sveltejs/svelte	NA	25f67df91117b649766144d6ec23425901877083	2	.changeset/ten-singers-repair.md;packages/svelte/src/compiler/phases/1-parse/state/element.js
sveltejs__svelte-13175	js	sveltejs/svelte	NA	0332abbd83f3edd2831c1ca8c2b19ff2aa22da60	2	.changeset/five-birds-check.md;packages/svelte/src/internal/client/proxy.js
sveltejs__svelte-13171	js	sveltejs/svelte	NA	47918328d7dacec0663c8f9a121a1dffc190c59d	2	.changeset/nasty-eggs-walk.md;packages/svelte/src/compiler/phases/3-transform/client/visitors/shared/element.js
sveltejs__svelte-13151	js	sveltejs/svelte	NA	3b88b88886bdf8fef064140e91938e162e80813d	2	.changeset/brave-doors-compete.md;packages/svelte/src/compiler/phases/scope.js
sveltejs__svelte-13145	js	sveltejs/svelte	NA	3b88b88886bdf8fef064140e91938e162e80813d	9	.changeset/small-icons-carry.md;packages/svelte/messages/compile-warnings/template.md;packages/svelte/src/compiler/phases/2-analyze/index.js;packages/svelte/src/compiler/phases/2-analyze/visitors/AnimateDirective.js;packages/svelte/src/compiler/phases/2-analyze/visitors/ClassDirective.js;packages/svelte/src/compiler/phases/2-analyze/visitors/StyleDirective.js;packages/svelte/src/compiler/phases/2-analyze/visitors/TransitionDirective.js;packages/svelte/src/compiler/phases/2-analyze/visitors/UseDirective.js;packages/svelte/src/compiler/warnings.js
sveltejs__svelte-13104	js	sveltejs/svelte	NA	6f855e627f0e5321855cd4b61ad0822368e1c545	2	.changeset/chilly-boats-pretend.md;packages/svelte/src/compiler/phases/2-analyze/index.js
sveltejs__svelte-13097	js	sveltejs/svelte	NA	cf6b64c6c0220068abb2843fea78b125b8767f44	2	.changeset/dirty-jars-tap.md;packages/svelte/src/compiler/phases/1-parse/state/element.js
sveltejs__svelte-13073	js	sveltejs/svelte	NA	3b8801cbbacba9fe477c312b92e0f2ae29909547	2	.changeset/orange-sheep-exist.md;packages/svelte/src/compiler/phases/3-transform/utils.js
sveltejs__svelte-13057	js	sveltejs/svelte	NA	a1d1012e9dcc87ada9b8a80796f8db7e5fcc77a3	4	.changeset/gentle-needles-train.md;packages/svelte/messages/compile-errors/template.md;packages/svelte/src/compiler/errors.js;packages/svelte/src/compiler/phases/1-parse/state/element.js
sveltejs__svelte-13035	js	sveltejs/svelte	NA	e03dae95da33b0149c24772290f301d72b519853	6	.changeset/six-beans-laugh.md;packages/svelte/src/compiler/phases/2-analyze/visitors/BindDirective.js;packages/svelte/src/compiler/phases/2-analyze/visitors/shared/utils.js;packages/svelte/src/compiler/phases/scope.js;packages/svelte/src/compiler/types/index.d.ts;packages/svelte/types/index.d.ts
sveltejs__svelte-13026	js	sveltejs/svelte	NA	bc1624ffc83bbbf480d449a54b6e9b04c0a7c521	2	.changeset/khaki-donkeys-jump.md;packages/svelte/src/internal/client/proxy.js
sveltejs__svelte-13018	js	sveltejs/svelte	NA	2b7e109f61c8588fd0b0f4783cfdb2911d67083d	4	.changeset/five-shirts-run.md;.changeset/slimy-news-help.md;packages/svelte/src/internal/client/dom/elements/transitions.js;packages/svelte/src/internal/client/types.d.ts
sveltejs__svelte-13008	js	sveltejs/svelte	NA	c5c54dabcc7e93e59b1354911faca8961351f2ab	3	.changeset/beige-lamps-ring.md;.changeset/green-windows-tap.md;packages/svelte/src/internal/client/proxy.js
sveltejs__svelte-12963	js	sveltejs/svelte	NA	803ebd56767eec5daf560f52bb88e6ab4ff97367	3	.changeset/happy-coats-marry.md;packages/svelte/src/compiler/phases/3-transform/client/visitors/AssignmentExpression.js;packages/svelte/src/compiler/phases/3-transform/client/visitors/MemberExpression.js
sveltejs__svelte-12949	js	sveltejs/svelte	NA	af35fb7ae6be1d4b4dea00c7e49379e7bbd7d3c6	6	.changeset/spotty-trees-provide.md;packages/svelte/src/compiler/phases/3-transform/client/visitors/VariableDeclaration.js;packages/svelte/src/compiler/phases/3-transform/client/visitors/shared/declarations.js;packages/svelte/src/compiler/phases/scope.js;packages/svelte/src/internal/client/index.js;packages/svelte/src/internal/client/runtime.js
sveltejs__svelte-12948	js	sveltejs/svelte	NA	af35fb7ae6be1d4b4dea00c7e49379e7bbd7d3c6	16	.changeset/quick-eagles-sit.md;documentation/docs/02-template-syntax/01-component-fundamentals.md;package.json;packages/svelte/messages/compile-errors/script.md;packages/svelte/messages/compile-errors/template.md;packages/svelte/messages/compile-warnings/template.md;packages/svelte/src/compiler/errors.js;packages/svelte/src/compiler/migrate/index.js;packages/svelte/src/compiler/phases/1-parse/read/script.js;packages/svelte/src/compiler/phases/2-analyze/index.js;packages/svelte/src/compiler/types/template.d.ts;packages/svelte/src/compiler/warnings.js;packages/svelte/types/index.d.ts;pnpm-lock.yaml;sites/svelte-5-preview/src/lib/CodeMirror.svelte;sites/svelte-5-preview/src/routes/docs/content/03-appendix/03-deprecations.md
sveltejs__svelte-12938	js	sveltejs/svelte	NA	363a5418e6330356ebc7abe39d240afccd255147	2	.changeset/proud-dots-swim.md;packages/svelte/src/internal/client/reactivity/sources.js
sveltejs__svelte-12899	js	sveltejs/svelte	NA	1f99935b992f0db255fd8d93138af00398e4b56f	2	.changeset/nasty-mirrors-applaud.md;packages/svelte/src/compiler/phases/3-transform/client/visitors/shared/utils.js
sveltejs__svelte-12869	js	sveltejs/svelte	NA	e4b7304365d5f0c95223bcaa25290f933174d40e	16	.changeset/gorgeous-coats-jog.md;packages/svelte/src/compiler/phases/1-parse/read/options.js;packages/svelte/src/compiler/phases/2-analyze/visitors/BindDirective.js;packages/svelte/src/compiler/phases/2-analyze/visitors/RegularElement.js;packages/svelte/src/compiler/phases/2-analyze/visitors/shared/a11y.js;packages/svelte/src/compiler/phases/2-analyze/visitors/shared/element.js;packages/svelte/src/compiler/phases/3-transform/client/visitors/RegularElement.js;packages/svelte/src/compiler/phases/3-transform/client/visitors/SvelteElement.js;packages/svelte/src/compiler/phases/3-transform/client/visitors/shared/element.js;packages/svelte/src/compiler/phases/3-transform/server/visitors/RegularElement.js;packages/svelte/src/compiler/phases/3-transform/server/visitors/shared/element.js;packages/svelte/src/compiler/phases/3-transform/utils.js;packages/svelte/src/compiler/types/index.d.ts;packages/svelte/src/compiler/types/template.d.ts;packages/svelte/src/compiler/validate-options.js;packages/svelte/types/index.d.ts
sveltejs__svelte-12845	js	sveltejs/svelte	NA	32808ac054a83f294024b57aa0bde3cbb03b86d6	3	.changeset/eleven-teachers-drive.md;packages/svelte/src/compiler/phases/3-transform/client/transform-client.js;packages/svelte/src/compiler/phases/3-transform/client/visitors/Program.js
sveltejs__svelte-12799	js	sveltejs/svelte	NA	09db33979d17d176c6b48370e8006e293d577074	13	.changeset/curvy-papayas-pretend.md;packages/svelte/messages/compile-errors/script.md;packages/svelte/package.json;packages/svelte/src/compiler/errors.js;packages/svelte/src/compiler/phases/2-analyze/index.js;packages/svelte/src/motion/spring.js;packages/svelte/src/motion/tweened.js;packages/svelte/src/store/index-client.js;packages/svelte/src/store/index-server.js;packages/svelte/src/store/public.d.ts;packages/svelte/src/store/index.js;packages/svelte/types/index.d.ts;sites/svelte-5-preview/src/routes/docs/content/01-api/05-imports.md
sveltejs__svelte-12734	js	sveltejs/svelte	NA	e66416bec779ba4fba58c1bc670e119052489baf	2	.changeset/forty-guests-chew.md;packages/svelte/src/internal/client/dom/elements/attributes.js
sveltejs__svelte-12715	js	sveltejs/svelte	NA	8e04a91c6701aef2b41bf99c157107458f82ef23	4	.changeset/chilly-carpets-switch.md;packages/svelte/src/compiler/phases/3-transform/client/visitors/RegularElement.js;packages/svelte/src/compiler/phases/3-transform/client/visitors/SvelteElement.js;packages/svelte/src/internal/client/dom/elements/attributes.js
sveltejs__svelte-12692	js	sveltejs/svelte	NA	4aa815f1ec13722f4f0fbc1a0dcbe707fa476294	5	.changeset/serious-owls-think.md;packages/svelte/src/compiler/phases/2-analyze/index.js;packages/svelte/src/compiler/phases/2-analyze/visitors/CallExpression.js;packages/svelte/src/compiler/phases/2-analyze/visitors/TaggedTemplateExpression.js;packages/svelte/src/compiler/phases/2-analyze/visitors/shared/utils.js
sveltejs__svelte-12681	js	sveltejs/svelte	NA	9411b6f9f1c6c78362ca97643063955a7256c296	4	.changeset/mean-parents-film.md;packages/svelte/src/compiler/phases/2-analyze/visitors/RegularElement.js;packages/svelte/src/html-tree-validation.js;packages/svelte/src/internal/server/dev.js
sveltejs__svelte-12679	js	sveltejs/svelte	NA	ccccac394b97df54ee33ea1679ea7126884aeeba	2	.changeset/smooth-pens-exist.md;packages/svelte/src/compiler/phases/3-transform/client/visitors/template.js
sveltejs__svelte-12660	js	sveltejs/svelte	NA	d20e0646745cbc9d835b05b65077146105bc4130	6	.changeset/eight-comics-tell.md;packages/svelte/messages/compile-errors/template.md;packages/svelte/src/compiler/errors.js;packages/svelte/src/compiler/phases/1-parse/read/options.js;packages/svelte/src/compiler/types/template.d.ts;packages/svelte/types/index.d.ts
sveltejs__svelte-12649	js	sveltejs/svelte	NA	e417d3a2d281a5ec9b595be5ffbd47efe57b28c3	2	.changeset/wild-poems-design.md;packages/svelte/src/internal/client/dom/elements/attributes.js
sveltejs__svelte-12638	js	sveltejs/svelte	NA	3bff87ac66251c60a92cf244d54aeb8ad8ece5d6	2	.changeset/sharp-spies-live.md;packages/svelte/src/compiler/phases/2-analyze/validation.js
sveltejs__svelte-12618	js	sveltejs/svelte	NA	a212b0d2fe149c3c57faa0520d461c59a9d45f67	10	packages/svelte/messages/compile-errors/template.md;packages/svelte/messages/compile-warnings/template.md;packages/svelte/src/compiler/errors.js;packages/svelte/src/compiler/phases/1-parse/state/element.js;packages/svelte/src/compiler/phases/1-parse/utils/html.js;packages/svelte/src/compiler/phases/2-analyze/validation.js;packages/svelte/src/compiler/warnings.js;packages/svelte/src/constants.js;packages/svelte/src/html-tree-validation.js;packages/svelte/src/internal/server/dev.js
sveltejs__svelte-12562	js	sveltejs/svelte	NA	72f5539f5161797c868f191b73fed9784ad671d8	2	.changeset/silver-mice-double.md;packages/svelte/src/internal/client/reactivity/store.js
sveltejs__svelte-12560	js	sveltejs/svelte	NA	90d6f573e316f86f6a998d73b3cba1b03a5d15dc	10	.changeset/tricky-balloons-care.md;documentation/docs/02-template-syntax/05-styles-and-classes.md;packages/svelte/messages/compile-errors/style.md;packages/svelte/src/compiler/errors.js;packages/svelte/src/compiler/phases/2-analyze/css/css-analyze.js;packages/svelte/src/compiler/phases/2-analyze/css/css-prune.js;packages/svelte/src/compiler/phases/3-transform/css/index.js;packages/svelte/src/compiler/types/css.d.ts;packages/svelte/types/index.d.ts;sites/svelte-5-preview/src/routes/docs/content/03-appendix/02-breaking-changes.md
sveltejs__svelte-12545	js	sveltejs/svelte	NA	189113ab8e33f4df548717ea508249881e1d760e	21	.changeset/friendly-rice-confess.md;documentation/docs/03-runes/01-state.md;packages/svelte/src/ambient.d.ts;packages/svelte/src/compiler/phases/2-analyze/visitors/BindDirective.js;packages/svelte/src/compiler/phases/2-analyze/visitors/CallExpression.js;packages/svelte/src/compiler/phases/2-analyze/visitors/ExportSpecifier.js;packages/svelte/src/compiler/phases/2-analyze/visitors/Identifier.js;packages/svelte/src/compiler/phases/2-analyze/visitors/VariableDeclarator.js;packages/svelte/src/compiler/phases/3-transform/client/types.d.ts;packages/svelte/src/compiler/phases/3-transform/client/visitors/ClassBody.js;packages/svelte/src/compiler/phases/3-transform/client/visitors/Program.js;packages/svelte/src/compiler/phases/3-transform/client/visitors/VariableDeclaration.js;packages/svelte/src/compiler/phases/3-transform/client/visitors/shared/declarations.js;packages/svelte/src/compiler/phases/3-transform/server/visitors/PropertyDefinition.js;packages/svelte/src/compiler/types/index.d.ts;packages/svelte/src/internal/client/index.js;packages/svelte/src/internal/client/reactivity/sources.js;packages/svelte/src/utils.js;packages/svelte/types/index.d.ts;sites/svelte-5-preview/src/lib/autocomplete.js;sites/svelte-5-preview/src/routes/docs/content/01-api/02-runes.md
sveltejs__svelte-12524	js	sveltejs/svelte	NA	0891fa7a18fb2303cc60791a3b5e6739c78fa5b4	2	.changeset/brown-moons-sleep.md;packages/svelte/src/compiler/phases/3-transform/client/visitors/template.js
sveltejs__svelte-12509	js	sveltejs/svelte	NA	30b143cef0d5ea17a6edec33496681882eadce34	10	.changeset/tricky-balloons-care.md;documentation/docs/02-template-syntax/05-styles-and-classes.md;packages/svelte/messages/compile-errors/style.md;packages/svelte/src/compiler/errors.js;packages/svelte/src/compiler/phases/2-analyze/css/css-analyze.js;packages/svelte/src/compiler/phases/2-analyze/css/css-prune.js;packages/svelte/src/compiler/phases/3-transform/css/index.js;packages/svelte/src/compiler/types/css.d.ts;packages/svelte/types/index.d.ts;sites/svelte-5-preview/src/routes/docs/content/03-appendix/02-breaking-changes.md
sveltejs__svelte-12493	js	sveltejs/svelte	NA	ea22840e8c0537388e9839ad337d1aa6f0bd90c8	2	.changeset/popular-cups-bathe.md;packages/svelte/src/compiler/phases/3-transform/client/utils.js
sveltejs__svelte-12475	js	sveltejs/svelte	NA	c287bd503d5b73af1b3aff9ef210341bfcddc642	2	.changeset/clever-toys-laugh.md;packages/svelte/src/internal/client/dom/blocks/svelte-head.js
sveltejs__svelte-12474	js	sveltejs/svelte	NA	c287bd503d5b73af1b3aff9ef210341bfcddc642	3	packages/svelte/messages/compile-errors/style.md;packages/svelte/src/compiler/errors.js;packages/svelte/src/compiler/phases/2-analyze/css/css-analyze.js
sveltejs__svelte-12469	js	sveltejs/svelte	NA	9666215e6d975fad6f4dcf822e25d01e4090e9a1	2	.changeset/few-mails-play.md;packages/svelte/src/compiler/phases/1-parse/read/expression.js
sveltejs__svelte-12460	js	sveltejs/svelte	NA	436cc997406b3cbac3c1f84efb81d6b1d81befd0	2	.changeset/wicked-carrots-explain.md;packages/svelte/src/internal/client/dom/elements/transitions.js
sveltejs__svelte-12445	js	sveltejs/svelte	NA	a8dc96eb4345c51efd1e5f0cc02781b18aba322a	4	.changeset/brave-gorillas-fold.md;packages/svelte/messages/shared-warnings/warnings.md;packages/svelte/src/internal/shared/clone.js;packages/svelte/src/internal/shared/warnings.js
sveltejs__svelte-12413	js	sveltejs/svelte	NA	4b160786a7370df3e332be703c55327d38a061b7	32	.changeset/perfect-actors-bake.md;documentation/docs/03-runes/01-state.md;packages/svelte/messages/client-errors/errors.md;packages/svelte/src/ambient.d.ts;packages/svelte/src/compiler/phases/3-transform/server/transform-server.js;packages/svelte/src/index-client.js;packages/svelte/src/internal/client/dev/inspect.js;packages/svelte/src/internal/client/dev/ownership.js;packages/svelte/src/internal/client/dom/blocks/each.js;packages/svelte/src/internal/client/dom/css.js;packages/svelte/src/internal/client/dom/elements/attributes.js;packages/svelte/src/internal/client/dom/elements/bindings/props.js;packages/svelte/src/internal/client/dom/elements/custom-element.js;packages/svelte/src/internal/client/dom/elements/events.js;packages/svelte/src/internal/client/dom/elements/transitions.js;packages/svelte/src/internal/client/dom/legacy/misc.js;packages/svelte/src/internal/client/errors.js;packages/svelte/src/internal/client/freeze.js;packages/svelte/src/internal/client/index.js;packages/svelte/src/internal/client/proxy.js;packages/svelte/src/internal/client/reactivity/effects.js;packages/svelte/src/internal/client/reactivity/props.js;packages/svelte/src/internal/client/render.js;packages/svelte/src/internal/client/runtime.js;packages/svelte/src/internal/client/utils.js;packages/svelte/src/internal/client/validate.js;packages/svelte/src/internal/server/index.js;packages/svelte/src/internal/shared/clone.js;packages/svelte/src/internal/shared/types.d.ts;packages/svelte/src/internal/shared/utils.js;packages/svelte/src/legacy/legacy-client.js;packages/svelte/types/index.d.ts
sveltejs__svelte-12376	js	sveltejs/svelte	NA	256e60994e8d4745f9444b0ce372490b7c01800f	2	.changeset/small-chefs-sing.md;packages/svelte/src/internal/client/reactivity/effects.js
sveltejs__svelte-12375	js	sveltejs/svelte	NA	256e60994e8d4745f9444b0ce372490b7c01800f	3	.changeset/small-chefs-sing.md;packages/svelte/src/internal/client/dom/elements/events.js;packages/svelte/src/internal/client/render.js
sveltejs__svelte-12373	js	sveltejs/svelte	NA	4e8d1c8c52a4b1aaa10bbf79aa02e0d44df63e50	2	packages/svelte/src/internal/client/dom/blocks/html.js;sites/svelte-5-preview/src/routes/docs/content/03-appendix/02-breaking-changes.md
sveltejs__svelte-12370	js	sveltejs/svelte	NA	1d8d38c8bdfe66571299805a00ea69cd0e8c8ac5	12	.changeset/sour-tomatoes-knock.md;packages/svelte/messages/client-errors/errors.md;packages/svelte/src/compiler/phases/2-analyze/index.js;packages/svelte/src/compiler/phases/3-transform/client/transform-client.js;packages/svelte/src/compiler/phases/3-transform/server/transform-server.js;packages/svelte/src/compiler/types/index.d.ts;packages/svelte/src/compiler/validate-options.js;packages/svelte/src/internal/client/dom/legacy/misc.js;packages/svelte/src/internal/client/errors.js;packages/svelte/types/index.d.ts;sites/svelte-5-preview/src/routes/docs/content/03-appendix/02-breaking-changes.md;sites/svelte-5-preview/svelte.config.js
sveltejs__svelte-12365	js	sveltejs/svelte	NA	6ac1ae8a12552f8a4444f3b1bc938d2989c7726a	2	.changeset/mean-numbers-cry.md;packages/svelte/src/compiler/phases/2-analyze/css/css-prune.js
sveltejs__svelte-12345	js	sveltejs/svelte	NA	67bf7a80673ce9e1a6f5f5e7ab70be2b89a05690	3	.changeset/tidy-lizards-happen.md;packages/svelte/src/compiler/phases/2-analyze/index.js;packages/svelte/src/compiler/phases/3-transform/client/transform-client.js
sveltejs__svelte-12342	js	sveltejs/svelte	NA	67bf7a80673ce9e1a6f5f5e7ab70be2b89a05690	5	.changeset/mighty-paws-smash.md;packages/svelte/messages/compile-errors/template.md;packages/svelte/src/compiler/errors.js;packages/svelte/src/compiler/phases/1-parse/state/tag.js;packages/svelte/src/compiler/phases/2-analyze/validation.js
sveltejs__svelte-12329	js	sveltejs/svelte	NA	5eff68f63df8fd2ccc3b0e591e47a43da4f8ccb3	2	.changeset/few-cheetahs-taste.md;packages/svelte/src/compiler/migrate/index.js
sveltejs__svelte-12321	js	sveltejs/svelte	NA	5eff68f63df8fd2ccc3b0e591e47a43da4f8ccb3	2	.changeset/bright-needles-pretend.md;packages/svelte/src/internal/client/dom/elements/transitions.js
sveltejs__svelte-12316	js	sveltejs/svelte	NA	b3c002a703f5da810620b84d67b7ccabe23027cc	3	.changeset/light-hounds-carry.md;packages/svelte/src/compiler/phases/3-transform/client/visitors/template.js;packages/svelte/src/internal/client/dom/elements/attributes.js
sveltejs__svelte-12304	js	sveltejs/svelte	NA	bc32b7c8289fbba4ddc1ea436cfc42eaf3ce1f68	1	packages/svelte/src/compiler/phases/3-transform/utils.js
sveltejs__svelte-12298	js	sveltejs/svelte	NA	eb3e677e05e581be60564bbbb6bf9ff96727d22c	2	.changeset/loud-insects-arrive.md;packages/svelte/src/compiler/phases/3-transform/client/utils.js
sveltejs__svelte-12290	js	sveltejs/svelte	NA	2f1d2d5906771a2879f6f77fb62f59bc0b31292c	2	.changeset/warm-waves-reply.md;packages/svelte/src/compiler/phases/3-transform/client/transform-client.js
sveltejs__svelte-12252	js	sveltejs/svelte	NA	9f51760dc64a16b047bf43372d7544471dd2d92d	3	packages/svelte/src/compiler/phases/3-transform/client/visitors/template.js;packages/svelte/src/internal/client/dev/hmr.js;packages/svelte/src/internal/client/dom/blocks/svelte-component.js
sveltejs__svelte-12215	js	sveltejs/svelte	NA	c42bb04276af0024b49aa46918eec69ad56570a5	25	packages/svelte/src/compiler/phases/1-parse/state/tag.js;packages/svelte/src/compiler/phases/2-analyze/index.js;packages/svelte/src/compiler/phases/2-analyze/validation.js;packages/svelte/src/compiler/phases/3-transform/client/visitors/template.js;packages/svelte/src/compiler/types/template.d.ts;packages/svelte/src/constants.js;packages/svelte/src/internal/client/constants.js;packages/svelte/src/internal/client/dev/hmr.js;packages/svelte/src/internal/client/dom/blocks/await.js;packages/svelte/src/internal/client/dom/blocks/each.js;packages/svelte/src/internal/client/dom/blocks/html.js;packages/svelte/src/internal/client/dom/blocks/if.js;packages/svelte/src/internal/client/dom/blocks/key.js;packages/svelte/src/internal/client/dom/blocks/snippet.js;packages/svelte/src/internal/client/dom/blocks/svelte-component.js;packages/svelte/src/internal/client/dom/blocks/svelte-element.js;packages/svelte/src/internal/client/dom/blocks/svelte-head.js;packages/svelte/src/internal/client/dom/hydration.js;packages/svelte/src/internal/client/dom/operations.js;packages/svelte/src/internal/client/dom/template.js;packages/svelte/src/internal/client/reactivity/effects.js;packages/svelte/src/internal/client/reactivity/types.d.ts;packages/svelte/src/internal/client/runtime.js;packages/svelte/src/internal/client/types.d.ts;packages/svelte/types/index.d.ts
sveltejs__svelte-12176	js	sveltejs/svelte	NA	879b0119d53e93c118c9c8519f0f7f54138c34d2	3	.changeset/empty-files-prove.md;packages/svelte/src/compiler/migrate/index.js;packages/svelte/src/compiler/phases/1-parse/acorn.js
sveltejs__svelte-12123	js	sveltejs/svelte	NA	7295facb6c9b754a9d4e1b3abf6eab5d3263148a	6	.changeset/nervous-ducks-repeat.md;packages/svelte/src/compiler/phases/3-transform/client/transform-client.js;packages/svelte/src/compiler/phases/3-transform/client/utils.js;packages/svelte/src/compiler/phases/3-transform/client/visitors/javascript-runes.js;packages/svelte/src/compiler/phases/3-transform/client/visitors/template.js;packages/svelte/src/internal/client/reactivity/props.js
sveltejs__svelte-12119	js	sveltejs/svelte	NA	7295facb6c9b754a9d4e1b3abf6eab5d3263148a	2	.changeset/swift-rats-sing.md;packages/svelte/src/compiler/phases/2-analyze/a11y.js
sveltejs__svelte-12098	js	sveltejs/svelte	NA	97e5b5285adf05933bdc5cb047cf9df0db832a2e	2	.changeset/happy-lobsters-lick.md;packages/svelte/src/internal/client/dom/blocks/each.js
sveltejs__svelte-12056	js	sveltejs/svelte	NA	c3da6a491f401998e8b64b8fd330fa63bff00e10	2	.changeset/large-waves-join.md;packages/svelte/src/compiler/phases/3-transform/client/visitors/template.js
sveltejs__svelte-12047	js	sveltejs/svelte	NA	95d07de7f9711855295c3b0ce8adcada10981b12	5	.changeset/brave-pigs-obey.md;packages/svelte/src/internal/client/reactivity/deriveds.js;packages/svelte/src/internal/client/reactivity/props.js;packages/svelte/src/internal/client/reactivity/sources.js;packages/svelte/src/internal/client/runtime.js
sveltejs__svelte-12019	js	sveltejs/svelte	NA	4cdc3710d02e2c968801995113e6604cfdd5db29	3	.changeset/clean-cats-wave.md;packages/svelte/src/compiler/migrate/index.js;packages/svelte/src/compiler/phases/2-analyze/index.js
sveltejs__svelte-12007	js	sveltejs/svelte	NA	84ad208f2e986fa549683a12e7f999c3d31b127f	2	.changeset/late-zebras-argue.md;packages/svelte/src/compiler/phases/3-transform/server/transform-server.js
sveltejs__svelte-11947	js	sveltejs/svelte	NA	6655f2c5d2d873f0bed4bf45220d185bb8a189a8	2	.changeset/breezy-waves-camp.md;packages/svelte/src/compiler/phases/2-analyze/validation.js
sveltejs__svelte-11946	js	sveltejs/svelte	NA	6655f2c5d2d873f0bed4bf45220d185bb8a189a8	2	.changeset/thin-spoons-float.md;packages/svelte/src/reactivity/set.js
sveltejs__svelte-11937	js	sveltejs/svelte	NA	48e620515dbb79ca8caf39634f2fb601d6a8534b	2	.changeset/wise-lemons-wave.md;packages/svelte/src/internal/client/render.js
sveltejs__svelte-11913	js	sveltejs/svelte	NA	ca6e9b5745e80b544c404bb74a968b68aea59c40	2	.changeset/cold-beans-tease.md;packages/svelte/src/reactivity/map.js
sveltejs__svelte-11835	js	sveltejs/svelte	NA	22e2aeca76b3049c2b249712885a98d148d74c4a	2	.changeset/dull-donkeys-smell.md;packages/svelte/src/compiler/phases/3-transform/server/transform-server.js
sveltejs__svelte-11784	js	sveltejs/svelte	NA	d1f5d5d33d228106236089d062d27c7d4696c930	2	.changeset/selfish-panthers-add.md;packages/svelte/src/compiler/phases/3-transform/css/index.js
sveltejs__svelte-11768	js	sveltejs/svelte	NA	d856c500924cc620f60ee32047df3c4620c3a5ce	2	.changeset/chilly-pans-raise.md;packages/svelte/src/compiler/phases/2-analyze/index.js
sveltejs__svelte-11766	js	sveltejs/svelte	NA	d946066c081bc1b32d8eaff8ca9fedb28b6fbc79	2	.changeset/clever-stingrays-shout.md;packages/svelte/src/internal/client/dev/equality.js
sveltejs__svelte-11736	js	sveltejs/svelte	NA	d4718e0755eac1e505292d0fb7cfd8682eca3048	5	.changeset/funny-trees-cry.md;packages/svelte/messages/compile-errors/template.md;packages/svelte/src/compiler/errors.js;packages/svelte/src/compiler/phases/2-analyze/validation.js;packages/svelte/src/compiler/utils/ast.js
sveltejs__svelte-11720	js	sveltejs/svelte	NA	0128df33da19c0839eaab2f1da7525125dcb1ac1	2	.changeset/sour-jeans-collect.md;packages/svelte/src/compiler/phases/3-transform/client/visitors/template.js
sveltejs__svelte-11676	js	sveltejs/svelte	NA	1784026843d2f7de6e449a5587da5dc30d467818	3	.changeset/plenty-elephants-fry.md;packages/svelte/src/compiler/phases/2-analyze/validation.js;packages/svelte/src/compiler/phases/bindings.js
sveltejs__svelte-11669	js	sveltejs/svelte	NA	c70533a5a753c9478991812e647e5bcb9dcb19a7	2	.changeset/twelve-beans-drive.md;packages/svelte/src/compiler/utils/extract_svelte_ignore.js
sveltejs__svelte-11652	js	sveltejs/svelte	NA	019b26b775038f2df22a7e853447ce14e2b1ede9	2	.changeset/fresh-beds-wash.md;packages/svelte/src/compiler/phases/3-transform/client/visitors/template.js
sveltejs__svelte-11632	js	sveltejs/svelte	NA	4f8bba2f802dd99888d83909abbc336cd7127f80	4	.changeset/eight-carrots-hunt.md;packages/svelte/messages/compile-errors/script.md;packages/svelte/src/compiler/errors.js;packages/svelte/src/compiler/phases/2-analyze/validation.js
sveltejs__svelte-11496	js	sveltejs/svelte	NA	d86b05279f3070fcf76f7b1987cd53767346fe35	2	.changeset/shiny-melons-love.md;packages/svelte/src/internal/client/runtime.js
sveltejs__svelte-11495	js	sveltejs/svelte	NA	d86b05279f3070fcf76f7b1987cd53767346fe35	8	.changeset/yellow-guests-double.md;packages/svelte/scripts/process-messages/templates/compile-warnings.js;packages/svelte/src/compiler/index.js;packages/svelte/src/compiler/migrate/index.js;packages/svelte/src/compiler/phases/2-analyze/index.js;packages/svelte/src/compiler/phases/2-analyze/types.d.ts;packages/svelte/src/compiler/warnings.js;sites/svelte-5-preview/src/routes/docs/content/03-appendix/02-breaking-changes.md
sveltejs__svelte-11490	js	sveltejs/svelte	NA	0d5a32d5f7448363e767c49a68ba5c1a3a5dc262	6	.changeset/two-dogs-accept.md;packages/svelte/src/internal/client/dev/ownership.js;packages/svelte/src/internal/client/dom/blocks/await.js;packages/svelte/src/internal/client/reactivity/effects.js;packages/svelte/src/internal/client/reactivity/types.d.ts;packages/svelte/src/internal/client/runtime.js
sveltejs__svelte-11487	js	sveltejs/svelte	NA	34079a0ec57693cb419cf8ebffdb64f3ce69f24e	2	.changeset/gentle-toys-chew.md;packages/svelte/src/compiler/phases/3-transform/client/visitors/global.js
sveltejs__svelte-11470	js	sveltejs/svelte	NA	f2f71ae3a1b9a416936484c121e51f6645761ea8	3	.changeset/ten-tables-speak.md;packages/svelte/src/compiler/phases/3-transform/client/visitors/template.js;packages/svelte/src/compiler/phases/patterns.js
sveltejs__svelte-11463	js	sveltejs/svelte	NA	f2f71ae3a1b9a416936484c121e51f6645761ea8	2	.changeset/wet-pears-remain.md;packages/svelte/src/compiler/phases/2-analyze/validation.js
sveltejs__svelte-11454	js	sveltejs/svelte	NA	2ebb277be70e9333a24f20bae01be2383b434e0e	9	.changeset/dull-worms-relax.md;packages/svelte/messages/compile-errors/template.md;packages/svelte/messages/compile-warnings/template.md;packages/svelte/src/compiler/errors.js;packages/svelte/src/compiler/phases/1-parse/state/element.js;packages/svelte/src/compiler/phases/2-analyze/index.js;packages/svelte/src/compiler/phases/2-analyze/validation.js;packages/svelte/src/compiler/warnings.js;sites/svelte-5-preview/src/routes/docs/content/03-appendix/02-breaking-changes.md
sveltejs__svelte-11421	js	sveltejs/svelte	NA	0f4f3d7df04cf749e3fe35fc9b625fdc7b61dc9c	2	.changeset/ninety-dots-train.md;packages/svelte/src/compiler/phases/2-analyze/index.js
sveltejs__svelte-11378	js	sveltejs/svelte	NA	8b1a26904a0d50d058564198904db578276ae775	2	.changeset/healthy-ants-film.md;packages/svelte/src/compiler/phases/2-analyze/validation.js
sveltejs__svelte-11371	js	sveltejs/svelte	NA	c7bdef595b7673c952ec4c6d3b7bee0916eb477c	2	.changeset/blue-lemons-wait.md;packages/svelte/src/internal/client/dom/elements/attributes.js
sveltejs__svelte-11367	js	sveltejs/svelte	NA	68071f7c0658e72c2dc0b8cd0bb81a4bd39127f0	2	.changeset/tiny-moose-kiss.md;packages/svelte/src/compiler/phases/3-transform/client/utils.js
sveltejs__svelte-11357	js	sveltejs/svelte	NA	bda32edb1a4f2d383d96071750d6bfa9421b2175	4	.changeset/orange-masks-exercise.md;packages/svelte/messages/compile-errors/template.md;packages/svelte/src/compiler/errors.js;packages/svelte/src/compiler/phases/1-parse/state/tag.js
sveltejs__svelte-11344	js	sveltejs/svelte	NA	cd798077b464ab3a28227f1e4a9aace20ba29b28	2	.changeset/cyan-squids-drive.md;packages/svelte/src/constants.js
sveltejs__svelte-11334	js	sveltejs/svelte	NA	9a887f8dab8e4846bff8734cba982bcdae44d401	15	.changeset/orange-zoos-heal.md;packages/svelte/src/compiler/index.js;packages/svelte/src/compiler/migrate/index.js;packages/svelte/src/compiler/phases/scope.js;packages/svelte/src/legacy/legacy-client.js;packages/svelte/src/legacy/legacy-server.js;packages/svelte/types/index.d.ts;playgrounds/sandbox/run.js;sites/svelte-5-preview/src/lib/Input/ComponentSelector.svelte;sites/svelte-5-preview/src/lib/Input/Migrate.svelte;sites/svelte-5-preview/src/lib/Output/Compiler.js;sites/svelte-5-preview/src/lib/Repl.svelte;sites/svelte-5-preview/src/lib/types.d.ts;sites/svelte-5-preview/src/lib/workers/compiler/index.js;sites/svelte-5-preview/src/lib/workers/workers.d.ts
sveltejs__svelte-11326	js	sveltejs/svelte	NA	c7bdef595b7673c952ec4c6d3b7bee0916eb477c	3	.changeset/honest-nails-share.md;packages/svelte/src/compiler/phases/3-transform/client/visitors/javascript-runes.js;packages/svelte/src/compiler/phases/patterns.js
sveltejs__svelte-11325	js	sveltejs/svelte	NA	8e17428316cbad94d21306b75f6ef4d389b6e301	4	.changeset/brown-geckos-fry.md;packages/svelte/messages/compile-warnings/a11y.md;packages/svelte/src/compiler/phases/2-analyze/a11y.js;packages/svelte/src/compiler/warnings.js
sveltejs__svelte-11319	js	sveltejs/svelte	NA	9a887f8dab8e4846bff8734cba982bcdae44d401	5	.changeset/nervous-berries-boil.md;packages/svelte/src/compiler/phases/2-analyze/index.js;packages/svelte/src/compiler/phases/3-transform/client/transform-client.js;packages/svelte/src/compiler/phases/3-transform/client/visitors/template.js;packages/svelte/src/compiler/phases/types.d.ts
sveltejs__svelte-11295	js	sveltejs/svelte	NA	bda32edb1a4f2d383d96071750d6bfa9421b2175	6	.changeset/cool-poems-watch.md;packages/svelte/messages/compile-errors/template.md;packages/svelte/src/compiler/errors.js;packages/svelte/src/compiler/phases/2-analyze/index.js;packages/svelte/src/compiler/phases/2-analyze/validation.js;packages/svelte/src/compiler/phases/types.d.ts
sveltejs__svelte-11290	js	sveltejs/svelte	NA	053159bf0b5679e3b9bf2c4c2710fb92d810221f	1	packages/svelte/src/internal/client/reactivity/props.js
sveltejs__svelte-11287	js	sveltejs/svelte	NA	b91a67ba6845c5d37dbb6f2fda8a0d057f828dab	2	packages/svelte/src/reactivity/set.js;packages/svelte/types/index.d.ts
sveltejs__svelte-11276	js	sveltejs/svelte	NA	b91a67ba6845c5d37dbb6f2fda8a0d057f828dab	9	.changeset/small-apples-eat.md;packages/svelte/src/compiler/errors.js;packages/svelte/src/compiler/phases/1-parse/read/style.js;packages/svelte/src/compiler/phases/2-analyze/css/css-analyze.js;packages/svelte/src/compiler/phases/2-analyze/css/css-prune.js;packages/svelte/src/compiler/phases/2-analyze/css/css-warn.js;packages/svelte/src/compiler/phases/3-transform/css/index.js;packages/svelte/src/compiler/types/css.d.ts;packages/svelte/types/index.d.ts
sveltejs__svelte-11254	js	sveltejs/svelte	NA	a8ca2a490407581cda3fe3dc9a1e0588132ba44b	2	.changeset/brave-carrots-draw.md;packages/svelte/src/internal/client/dom/blocks/each.js
sveltejs__svelte-11251	js	sveltejs/svelte	NA	a764f4e88ead69f71565da58eb5eab5c6de16a2a	2	.changeset/funny-ties-jump.md;packages/svelte/src/internal/client/dom/elements/transitions.js
sveltejs__svelte-11219	js	sveltejs/svelte	NA	70b47de124e779f3daa4db5f43431051b5f936d0	7	.changeset/hip-pumpkins-boil.md;packages/svelte/src/compiler/phases/2-analyze/index.js;packages/svelte/src/compiler/phases/3-transform/client/transform-client.js;packages/svelte/src/compiler/phases/3-transform/client/visitors/template.js;packages/svelte/src/compiler/types/template.d.ts;packages/svelte/src/internal/client/dom/blocks/svelte-element.js;packages/svelte/types/index.d.ts
sveltejs__svelte-11209	js	sveltejs/svelte	NA	d51075c154beed08ec706172bfab51cbaef5ec2e	1	packages/svelte/src/compiler/phases/scope.js
sveltejs__svelte-11203	js	sveltejs/svelte	NA	4ef64541dd09eb065eca44df6ef3dd3c3aedfbfd	6	.changeset/four-pugs-listen.md;packages/svelte/src/compiler/errors.js;packages/svelte/src/compiler/phases/2-analyze/index.js;packages/svelte/src/compiler/phases/2-analyze/validation.js;packages/svelte/src/compiler/phases/types.d.ts;packages/svelte/src/compiler/warnings.js
sveltejs__svelte-11184	js	sveltejs/svelte	NA	77ed790fb3a6d0af3e6470ba660fc0e91a836f2e	7	.changeset/late-grapes-judge.md;packages/svelte/src/compiler/phases/3-transform/client/visitors/javascript-runes.js;packages/svelte/src/internal/client/dev/ownership.js;packages/svelte/src/internal/client/index.js;packages/svelte/src/internal/client/proxy.js;packages/svelte/src/internal/client/runtime.js;packages/svelte/src/internal/client/types.d.ts
sveltejs__svelte-11183	js	sveltejs/svelte	NA	ae7d73453ca388561ecdbdcae0cccd1cd335f954	10	.changeset/selfish-socks-smile.md;packages/svelte/src/compiler/phases/3-transform/client/utils.js;packages/svelte/src/compiler/phases/3-transform/client/visitors/template.js;packages/svelte/src/compiler/phases/3-transform/server/transform-server.js;packages/svelte/src/compiler/utils/ast.js;packages/svelte/src/compiler/utils/builders.js;packages/svelte/src/internal/client/index.js;packages/svelte/src/internal/client/runtime.js;packages/svelte/src/internal/server/index.js;packages/svelte/src/internal/shared/utils.js
sveltejs__svelte-11114	js	sveltejs/svelte	NA	a531625896b5b05cebc21114bf2a03f6a619594b	3	.changeset/nine-cooks-join.md;packages/svelte/src/compiler/phases/2-analyze/validation.js;packages/svelte/src/compiler/warnings.js
sveltejs__svelte-11104	js	sveltejs/svelte	NA	e8f7437cf6d5d95811bfe472209826e4c6fcbc31	2	.changeset/gold-tools-nail.md;packages/svelte/src/compiler/phases/3-transform/server/transform-server.js
sveltejs__svelte-11096	js	sveltejs/svelte	NA	8578857332c27005866661a22734b1bf2d83b69f	2	.changeset/giant-plants-grin.md;packages/svelte/src/compiler/phases/2-analyze/css/css-prune.js
sveltejs__svelte-11059	js	sveltejs/svelte	NA	ae3d472cbc7c4b6f5ae461ea40146b44d77f7738	13	.changeset/chilly-rocks-hug.md;packages/svelte/src/ambient.d.ts;packages/svelte/src/compiler/errors.js;packages/svelte/src/compiler/phases/2-analyze/validation.js;packages/svelte/src/compiler/phases/3-transform/client/transform-client.js;packages/svelte/src/compiler/phases/3-transform/client/visitors/javascript-runes.js;packages/svelte/src/compiler/phases/3-transform/server/transform-server.js;packages/svelte/src/compiler/phases/constants.js;packages/svelte/src/index-client.js;packages/svelte/src/internal/client/dom/elements/custom-element.js;packages/svelte/types/index.d.ts;sites/svelte-5-preview/src/routes/docs/content/01-api/02-runes.md;sites/svelte-5-preview/src/routes/docs/content/03-appendix/03-deprecations.md
sveltejs__svelte-10996	js	sveltejs/svelte	NA	3f6eff55a4dc6d6a76efb2f23a971f15ee524ddd	10	.changeset/smart-cherries-leave.md;.prettierignore;packages/svelte/src/compiler/phases/3-transform/server/transform-server.js;packages/svelte/src/constants.js;packages/svelte/src/internal/client/dom/blocks/each.js;packages/svelte/src/internal/client/dom/blocks/svelte-head.js;packages/svelte/src/internal/client/dom/hydration.js;packages/svelte/src/internal/client/render.js;packages/svelte/src/internal/server/hydration.js;packages/svelte/src/internal/server/index.js
sveltejs__svelte-10917	js	sveltejs/svelte	NA	7e584e40d75a4afa93c6433f0efdfcc31424eb1a	3	.changeset/lovely-houses-own.md;.changeset/stale-fans-rest.md;packages/svelte/src/compiler/phases/3-transform/client/visitors/template.js
sveltejs__svelte-10797	js	sveltejs/svelte	NA	e8ce41815a734b296aac0f03d9df99abea209c8a	4	.changeset/small-spiders-fail.md;packages/svelte/src/compiler/phases/3-transform/client/transform-client.js;packages/svelte/src/compiler/utils/builders.js;packages/svelte/src/internal/client/reactivity/props.js
sveltejs__svelte-10728	js	sveltejs/svelte	NA	ae4af6841aaeb7b580ca5be2454318a3bfdaa05b	2	.changeset/small-sheep-type.md;packages/svelte/src/compiler/phases/2-analyze/validation.js
sveltejs__svelte-10727	js	sveltejs/svelte	NA	3fd02f1c49fd43f59b27dbd4822f351693a63301	3	.changeset/short-countries-rush.md;packages/svelte/src/compiler/phases/3-transform/client/utils.js;packages/svelte/src/internal/client/reactivity/store.js
sveltejs__svelte-10721	js	sveltejs/svelte	NA	fff3320517baf94abef277ce01f2104526d1a0e4	2	.changeset/eleven-cycles-applaud.md;packages/svelte/src/compiler/phases/1-parse/state/element.js
sveltejs__svelte-10700	js	sveltejs/svelte	NA	86f326531c2abc4a976db4c27656c7b530363fdf	4	.changeset/wet-wombats-repeat.md;packages/svelte/src/compiler/errors.js;packages/svelte/src/compiler/phases/2-analyze/validation.js;packages/svelte/src/compiler/phases/3-transform/utils.js
sveltejs__svelte-10691	js	sveltejs/svelte	NA	ee04f973b29367769b702e3b60b34191a1f24ac5	3	.changeset/happy-beds-scream.md;packages/svelte/src/compiler/phases/3-transform/utils.js;packages/svelte/src/compiler/phases/patterns.js
sveltejs__svelte-10673	js	sveltejs/svelte	NA	1ac313594c28d729b7e11aedc1822fd8e40bd610	7	.changeset/curvy-buses-laugh.md;packages/svelte/src/internal/client/dev/ownership.js;packages/svelte/src/internal/client/proxy.js;packages/svelte/src/internal/client/runtime.js;packages/svelte/src/internal/index.js;packages/svelte/src/main/main-client.js;packages/svelte/types/index.d.ts
sveltejs__svelte-10671	js	sveltejs/svelte	NA	b1b51a404b1357558e963716c6182ecaccd24f20	3	.changeset/popular-ligers-perform.md;packages/svelte/src/compiler/phases/1-parse/read/context.js;packages/svelte/src/compiler/phases/1-parse/state/tag.js
sveltejs__svelte-10669	js	sveltejs/svelte	NA	e21488fc4b4e188711ff6b106b5d350d68249ba4	2	.changeset/unlucky-steaks-warn.md;packages/svelte/src/compiler/phases/3-transform/client/visitors/template.js
sveltejs__svelte-10656	js	sveltejs/svelte	NA	3fe4940a9da82b8e95db7074c0d6171c685fc911	11	.changeset/ten-jokes-divide.md;packages/svelte/src/compiler/errors.js;packages/svelte/src/compiler/phases/1-parse/state/tag.js;packages/svelte/src/compiler/phases/2-analyze/validation.js;packages/svelte/src/compiler/phases/3-transform/client/visitors/template.js;packages/svelte/src/compiler/phases/3-transform/server/transform-server.js;packages/svelte/src/compiler/types/template.d.ts;packages/svelte/src/compiler/utils/ast.js;packages/svelte/src/internal/client/render.js;packages/svelte/src/internal/client/validate.js;packages/svelte/types/index.d.ts
sveltejs__svelte-10655	js	sveltejs/svelte	NA	77b1f2fe516f699bf916697db8805a7d3b259c37	3	.changeset/slow-kids-sparkle.md;packages/svelte/src/compiler/phases/2-analyze/validation.js;packages/svelte/src/compiler/warnings.js
sveltejs__svelte-10642	js	sveltejs/svelte	NA	a4a789db4dbd43c6fc39de93b4d610ae85a63423	5	.changeset/tough-radios-punch.md;packages/svelte/src/compiler/phases/2-analyze/index.js;packages/svelte/src/compiler/phases/3-transform/client/transform-client.js;packages/svelte/src/internal/client/render.js;sites/svelte-5-preview/src/routes/docs/content/03-appendix/02-breaking-changes.md
sveltejs__svelte-10617	js	sveltejs/svelte	NA	86b3ea8c23a17af9af9ffb156565fcd5e0fe81fd	7	.changeset/silly-ways-wash.md;packages/svelte/src/compiler/phases/3-transform/client/visitors/template.js;packages/svelte/src/compiler/phases/bindings.js;packages/svelte/src/internal/client/dom/elements/bindings/input.js;packages/svelte/src/internal/client/dom/elements/bindings/select.js;packages/svelte/src/internal/client/dom/elements/bindings/shared.js;sites/svelte-5-preview/src/routes/docs/content/03-appendix/02-breaking-changes.md
sveltejs__svelte-10608	js	sveltejs/svelte	NA	db0b802fc2a8d0cd75f3dc209f19e06712be5a92	3	.changeset/good-buses-reply.md;packages/svelte/src/compiler/phases/2-analyze/validation.js;packages/svelte/src/internal/client/render.js
sveltejs__svelte-10590	js	sveltejs/svelte	NA	58008479fc8478edebdc6e343738b856bb50d8a9	3	.changeset/spotty-turkeys-sparkle.md;packages/svelte/src/compiler/errors.js;packages/svelte/src/compiler/phases/2-analyze/validation.js
sveltejs__svelte-10553	js	sveltejs/svelte	NA	f5102013af6ba14774c0fe2d575ea8e06b92697a	3	.changeset/shaggy-cameras-live.md;packages/svelte/src/internal/client/render.js;packages/svelte/types/index.d.ts
sveltejs__svelte-10430	js	sveltejs/svelte	NA	0e011add4e094d87ee10e84281e815a6a85454b0	3	.changeset/odd-taxis-retire.md;packages/svelte/src/compiler/errors.js;packages/svelte/src/compiler/phases/2-analyze/validation.js
sveltejs__svelte-10413	js	sveltejs/svelte	NA	268ac95fde573dc26e96dbd3e581c01611a55de7	2	.changeset/strange-apricots-happen.md;packages/svelte/src/compiler/phases/bindings.js
sveltejs__svelte-10398	js	sveltejs/svelte	NA	d23805a6f047c6e99b9bc6fbb5b6c6673093afe4	4	.changeset/olive-socks-kick.md;packages/svelte/src/compiler/phases/3-transform/server/transform-server.js;packages/svelte/src/internal/client/each.js;packages/svelte/src/internal/client/hydration.js
sveltejs__svelte-10395	js	sveltejs/svelte	NA	97d3ec2f89897f2f17126734016a6adb56c95e49	5	.changeset/swift-feet-juggle.md;packages/svelte/src/compiler/phases/2-analyze/validation.js;packages/svelte/src/compiler/phases/3-transform/client/visitors/template.js;packages/svelte/src/compiler/phases/3-transform/server/transform-server.js;packages/svelte/src/compiler/phases/scope.js
sveltejs__svelte-10391	js	sveltejs/svelte	NA	b6fcc149b87720a431eb636ce291a0c0125b0bae	6	.changeset/friendly-candles-relate.md;packages/svelte/src/compiler/errors.js;packages/svelte/src/compiler/phases/2-analyze/validation.js;packages/svelte/src/compiler/phases/3-transform/client/visitors/template.js;packages/svelte/src/compiler/phases/3-transform/server/transform-server.js;packages/svelte/src/compiler/phases/scope.js
sveltejs__svelte-10378	js	sveltejs/svelte	NA	89123a81176075da4561b4045be65a1cc2f39ecc	6	.changeset/tough-houses-sparkle.md;packages/svelte/src/compiler/phases/3-transform/client/visitors/template.js;packages/svelte/src/internal/client/proxy.js;packages/svelte/src/internal/client/runtime.js;packages/svelte/src/internal/client/types.d.ts;packages/svelte/src/internal/index.js
sveltejs__svelte-10368	js	sveltejs/svelte	NA	3b78c14be88ef33bf0ea2922c50e331fdf217d56	8	.changeset/cyan-flowers-destroy.md;packages/svelte/src/compiler/phases/2-analyze/index.js;packages/svelte/src/compiler/phases/3-transform/client/visitors/template.js;packages/svelte/src/compiler/phases/scope.js;packages/svelte/src/compiler/phases/types.d.ts;packages/svelte/src/compiler/types/template.d.ts;packages/svelte/src/compiler/utils/ast.js;packages/svelte/types/index.d.ts
sveltejs__svelte-10297	js	sveltejs/svelte	NA	268ac95fde573dc26e96dbd3e581c01611a55de7	3	.changeset/three-icons-trade.md;packages/svelte/src/internal/server/index.js;packages/svelte/src/main/main-server.js
sveltejs__svelte-10291	js	sveltejs/svelte	NA	107ec1c848e0d3494a2d798c8c088a93752a392a	3	.changeset/tall-mugs-buy.md;packages/svelte/src/compiler/errors.js;packages/svelte/src/compiler/phases/2-analyze/index.js
sveltejs__svelte-10287	js	sveltejs/svelte	NA	340934917a2bb8c0395934bf0c472bd3e067edb7	2	.changeset/thirty-pears-hug.md;packages/svelte/src/compiler/phases/2-analyze/css/Selector.js
sveltejs__svelte-10267	js	sveltejs/svelte	NA	036e88f1f76e50f40807f12cb8309fa2c0837c60	2	.changeset/witty-steaks-dream.md;packages/svelte/src/internal/client/proxy/proxy.js
sveltejs__svelte-10266	js	sveltejs/svelte	NA	6b0bd8b23a0c6e81446d0700031621c9dc448bb3	4	.changeset/serious-kids-deliver.md;packages/svelte/src/compiler/errors.js;packages/svelte/src/compiler/phases/2-analyze/css/Selector.js;sites/svelte-5-preview/src/routes/docs/content/03-appendix/02-breaking-changes.md
sveltejs__svelte-10259	js	sveltejs/svelte	NA	434a58711f7ebb2c3849545542b4394d295ccea9	6	.changeset/soft-months-grab.md;packages/svelte/src/compiler/phases/3-transform/client/visitors/template.js;packages/svelte/src/compiler/types/template.d.ts;packages/svelte/src/constants.js;packages/svelte/src/internal/client/each.js;packages/svelte/types/index.d.ts
sveltejs__svelte-10235	js	sveltejs/svelte	NA	88582479f2d4bae08d055585a4ef2256e599e107	2	.changeset/hungry-boxes-relate.md;packages/svelte/src/compiler/phases/3-transform/client/visitors/template.js
sveltejs__svelte-10209	js	sveltejs/svelte	NA	1798e58300235e1ee318b1dd4f6601851ecef5b0	1	packages/svelte/src/internal/client/runtime.js
sveltejs__svelte-10187	js	sveltejs/svelte	NA	d509de2503f5049edb19e9f8e9b3a09182ebaf92	3	.changeset/big-cars-serve.md;packages/svelte/src/compiler/phases/3-transform/client/visitors/template.js;packages/svelte/src/compiler/phases/3-transform/server/transform-server.js
sveltejs__svelte-10181	js	sveltejs/svelte	NA	2861ad66e054d2b14f382aaada4512e3e5d56db8	5	.changeset/selfish-dragons-knock.md;packages/svelte/src/compiler/phases/2-analyze/validation.js;packages/svelte/src/compiler/phases/3-transform/client/utils.js;packages/svelte/src/compiler/phases/3-transform/client/visitors/template.js;packages/svelte/src/compiler/utils/ast.js
sveltejs__svelte-10114	js	sveltejs/svelte	NA	6acf7f3fc3609c28395c77d7953a66509c857db5	5	.changeset/slimy-walls-draw.md;packages/svelte/src/compiler/phases/3-transform/client/transform-client.js;packages/svelte/src/compiler/phases/3-transform/client/utils.js;packages/svelte/src/compiler/phases/3-transform/client/visitors/javascript-legacy.js;packages/svelte/src/compiler/phases/3-transform/client/visitors/javascript-runes.js
sveltejs__svelte-10077	js	sveltejs/svelte	NA	570884eabda10a28e640ae3fdeae64c2f1a587b8	2	.changeset/dry-eggs-retire.md;packages/svelte/src/compiler/phases/1-parse/read/style.js
sveltejs__svelte-10071	js	sveltejs/svelte	NA	2133d7d67afc9908b9b7803bf76a0e2755ff913a	3	.changeset/sharp-kids-happen.md;packages/svelte/src/compiler/phases/3-transform/client/visitors/template.js;packages/svelte/src/internal/client/render.js
sveltejs__svelte-10054	js	sveltejs/svelte	NA	6d65b2f8ad68365ae3f24be36f718c09eeb591da	3	.changeset/metal-beers-learn.md;packages/svelte/src/compiler/phases/1-parse/read/style.js;packages/svelte/src/compiler/types/css.d.ts
sveltejs__svelte-10046	js	sveltejs/svelte	NA	6307a3322c2087286e8013a9aa2e6911e9a36d01	2	.changeset/hip-balloons-begin.md;packages/svelte/src/compiler/phases/1-parse/index.js
sveltejs__svelte-10027	js	sveltejs/svelte	NA	3624a4c2a00cda7e18ddf6331015995dabd30932	2	.changeset/dull-roses-relate.md;packages/svelte/src/compiler/phases/3-transform/utils.js
sveltejs__svelte-9988	js	sveltejs/svelte	NA	dc8ca4661f10fe703bb7aa700abc6287cd5a8cdc	22	.changeset/curvy-cups-cough.md;packages/svelte/elements.d.ts;packages/svelte/package.json;packages/svelte/src/compiler/errors.js;packages/svelte/src/compiler/legacy.js;packages/svelte/src/compiler/phases/1-parse/read/context.js;packages/svelte/src/compiler/phases/1-parse/state/tag.js;packages/svelte/src/compiler/phases/2-analyze/validation.js;packages/svelte/src/compiler/phases/3-transform/client/visitors/template.js;packages/svelte/src/compiler/phases/3-transform/server/transform-server.js;packages/svelte/src/compiler/phases/scope.js;packages/svelte/src/compiler/types/template.d.ts;packages/svelte/src/internal/client/render.js;packages/svelte/src/internal/client/runtime.js;packages/svelte/src/internal/common.js;packages/svelte/src/internal/index.js;packages/svelte/src/internal/server/index.js;packages/svelte/src/main/public.d.ts;packages/svelte/src/store/index.js;packages/svelte/src/store/utils.js;packages/svelte/types/index.d.ts;sites/svelte-5-preview/src/routes/docs/content/01-api/03-snippets.md
sveltejs__svelte-9973	js	sveltejs/svelte	NA	eab690d31a7203ac23334460c9ae68844d43dc26	5	.changeset/long-buckets-lay.md;packages/svelte/src/compiler/phases/3-transform/client/visitors/template.js;packages/svelte/src/compiler/phases/3-transform/server/transform-server.js;packages/svelte/src/compiler/utils/builders.js;packages/svelte/src/compiler/utils/sanitize_template_string.js
sveltejs__svelte-9970	js	sveltejs/svelte	NA	eab690d31a7203ac23334460c9ae68844d43dc26	2	.changeset/three-suits-grin.md;packages/svelte/src/compiler/phases/1-parse/read/style.js
sveltejs__svelte-9962	js	sveltejs/svelte	NA	092370b43fcb1b76f1c4cf713d1806b8ecb4932b	3	.changeset/nasty-yaks-peel.md;packages/svelte/src/compiler/phases/3-transform/client/utils.js;packages/svelte/src/compiler/utils/builders.js
sveltejs__svelte-9904	js	sveltejs/svelte	NA	4e61db7201c5320c6cf0bb323fa82659c56c2f37	3	.changeset/chatty-cups-drop.md;packages/svelte/src/compiler/errors.js;packages/svelte/src/compiler/phases/2-analyze/validation.js
sveltejs__svelte-9838	js	sveltejs/svelte	NA	388e3e68fc46fd018e58a82572d45f704e6e9c8f	12	.changeset/wise-donkeys-marry.md;packages/svelte/src/compiler/errors.js;packages/svelte/src/compiler/phases/2-analyze/validation.js;packages/svelte/src/compiler/phases/3-transform/client/visitors/javascript-runes.js;packages/svelte/src/compiler/phases/3-transform/server/transform-server.js;packages/svelte/src/compiler/phases/3-transform/utils.js;packages/svelte/src/compiler/phases/constants.js;packages/svelte/src/compiler/phases/scope.js;packages/svelte/src/internal/client/runtime.js;packages/svelte/src/internal/server/index.js;packages/svelte/src/main/ambient.d.ts;sites/svelte-5-preview/src/routes/docs/content/01-api/02-runes.md
sveltejs__svelte-9824	js	sveltejs/svelte	NA	5797bb34ce96b0d7b4608f934c1f13605143671f	2	.changeset/unlucky-boxes-obey.md;packages/svelte/src/compiler/phases/scope.js
sveltejs__svelte-9811	js	sveltejs/svelte	NA	d5167e75b96e10f0ed8f9b84588079d66dffaec6	2	.changeset/healthy-planes-vanish.md;packages/svelte/src/internal/client/runtime.js
sveltejs__svelte-9789	js	sveltejs/svelte	NA	24777c335a85209e344fb2b61a60c7768165c747	3	.changeset/lazy-months-knock.md;packages/svelte/src/internal/client/proxy/readonly.js;packages/svelte/src/internal/client/runtime.js
sveltejs__svelte-9784	js	sveltejs/svelte	NA	10aacfa603d7a7f139ca3c63556c2ef7af071ba1	4	.changeset/polite-ravens-study.md;packages/svelte/src/compiler/phases/3-transform/client/utils.js;packages/svelte/src/constants.js;packages/svelte/src/internal/client/runtime.js
sveltejs__svelte-9754	js	sveltejs/svelte	NA	fd4a52c8944b9e131594d6fc0e00645f12215304	9	.changeset/itchy-beans-melt.md;.changeset/sweet-mangos-beg.md;packages/svelte/src/compiler/errors.js;packages/svelte/src/compiler/phases/1-parse/index.js;packages/svelte/src/compiler/phases/1-parse/read/style.js;packages/svelte/src/compiler/phases/1-parse/state/element.js;packages/svelte/src/compiler/phases/1-parse/state/tag.js;packages/svelte/src/compiler/phases/2-analyze/css/Selector.js;packages/svelte/src/compiler/types/css.d.ts
sveltejs__svelte-9731	js	sveltejs/svelte	NA	1108587f1bb65b816ff692161fec1599e7f99c47	4	.changeset/lemon-geese-drum.md;.changeset/two-dragons-yell.md;packages/svelte/src/internal/client/runtime.js;packages/svelte/src/main/ambient.d.ts
sveltejs__svelte-9723	js	sveltejs/svelte	NA	2fa06447cf51893715bfe776f753d1b1f0587d83	16	.changeset/gentle-sheep-hug.md;packages/svelte/src/compiler/errors.js;packages/svelte/src/compiler/phases/1-parse/index.js;packages/svelte/src/compiler/phases/1-parse/read/style.js;packages/svelte/src/compiler/phases/2-analyze/css/Selector.js;packages/svelte/src/compiler/phases/2-analyze/validation.js;packages/svelte/src/compiler/phases/3-transform/client/visitors/javascript-legacy.js;packages/svelte/src/compiler/phases/3-transform/client/visitors/template.js;packages/svelte/src/compiler/phases/3-transform/server/transform-server.js;packages/svelte/src/compiler/phases/constants.js;packages/svelte/src/compiler/phases/patterns.js;packages/svelte/src/compiler/phases/scope.js;packages/svelte/src/compiler/types/css.d.ts;packages/svelte/src/compiler/types/template.d.ts;packages/svelte/src/compiler/warnings.js;sites/svelte-5-preview/src/routes/docs/content/03-appendix/02-breaking-changes.md
sveltejs__svelte-9718	js	sveltejs/svelte	NA	e3dc185a4c3420788ea50863dda50c7820bf6ae4	2	.changeset/flat-melons-protect.md;packages/svelte/src/compiler/phases/2-analyze/index.js
sveltejs__svelte-9717	js	sveltejs/svelte	NA	e3dc185a4c3420788ea50863dda50c7820bf6ae4	2	.changeset/ninety-dingos-walk.md;packages/svelte/src/internal/client/runtime.js
sveltejs__svelte-9713	js	sveltejs/svelte	NA	bde42d56764337e000ca72df921fb2d168067af1	2	.changeset/great-icons-retire.md;packages/svelte/src/compiler/phases/2-analyze/validation.js
sveltejs__svelte-9665	js	sveltejs/svelte	NA	405e9da4ff853c2e8aafde739ba0b2fd406f56b5	3	.changeset/light-pens-watch.md;packages/svelte/src/compiler/phases/3-transform/client/visitors/template.js;packages/svelte/src/internal/client/render.js
sveltejs__svelte-9664	js	sveltejs/svelte	NA	405e9da4ff853c2e8aafde739ba0b2fd406f56b5	3	.changeset/polite-pumpkins-guess.md;packages/svelte/src/compiler/phases/2-analyze/a11y.js;packages/svelte/src/compiler/warnings.js
sveltejs__svelte-9626	js	sveltejs/svelte	NA	ef68b66dee1ebc126118e5b837c091e110999c81	7	.changeset/seven-deers-jam.md;packages/svelte/src/compiler/phases/3-transform/client/visitors/template.js;packages/svelte/src/compiler/phases/3-transform/server/transform-server.js;packages/svelte/src/compiler/phases/constants.js;packages/svelte/src/constants.js;packages/svelte/src/internal/client/render.js;packages/svelte/src/internal/server/index.js
sveltejs__svelte-9550	js	sveltejs/svelte	NA	9926347ad9dbdd0f3324d5538e25dcb7f5e442f8	2	packages/svelte/src/compiler/phases/3-transform/client/visitors/template.js;packages/svelte/src/internal/client/render.js
sveltejs__svelte-9500	js	sveltejs/svelte	NA	ede1edd314452a1bfd729503e990cf06e04da641	2	.changeset/sharp-gorillas-impress.md;packages/svelte/src/compiler/phases/2-analyze/index.js
sveltejs__svelte-9497	js	sveltejs/svelte	NA	37f249350c414d9a75635bf2993b08f888191ce5	3	.changeset/clean-eels-beg.md;packages/svelte/src/compiler/errors.js;packages/svelte/src/compiler/phases/2-analyze/validation.js
sveltejs__svelte-9471	js	sveltejs/svelte	NA	73e8820fe724cad5fd7ea3cd5b3faa652f04064e	2	.changeset/lazy-spiders-think.md;packages/svelte/src/internal/client/render.js
sveltejs__svelte-9462	js	sveltejs/svelte	NA	f5101c0d8cb34cd488af0b56784fb308541d62da	2	.changeset/itchy-lions-wash.md;packages/svelte/src/compiler/phases/3-transform/client/visitors/template.js
sveltejs__svelte-9456	js	sveltejs/svelte	NA	9abfb52f67bbcdc7b671c3b3dfc3d672c506a24a	2	.changeset/sour-rules-march.md;packages/svelte/src/compiler/phases/3-transform/server/transform-server.js
sveltejs__svelte-9328	js	sveltejs/svelte	NA	6f508a011bc8051ab9f82cafa97c5292a4453b92	3	.changeset/seven-cars-drum.md;packages/svelte/src/compiler/compile/render_dom/wrappers/Element/Attribute.js;packages/svelte/src/runtime/internal/dom.js
